word1_word2,A,Abbas,Authority,Bank,East,Friday,Gaza,I,In,International,Israel,Israeli,Jerusalem,Mahmoud,March,Middle,Minister,Monday,Nations,New,PALESTINE,Palestine,Palestinian,Palestinians,President,RAMALLAH,Ramallah,Saturday,State,Texas,The,Thursday,Tuesday,US,United,WAFA,Wednesday,West,a,about,after,against,all,an,and,are,as,at,be,been,between,but,by,conflict,de,during,first,for,from,had,has,have,he,her,his,in,international,into,is,it,its,last,more,new,not,of,on,one,or,over,peace,people,said,state,support,that,the,their,this,to,two,up,visit,was,were,which,who,will,with,years
Nations,40,6,6,11,46,10,12,1,13,7,42,31,9,3,11,17,16,26,415,19,2,141,82,13,85,6,0,3,12,0,131,22,18,42,359,25,29,13,207,1,12,18,4,49,178,30,54,78,34,33,11,12,74,15,2,24,19,178,41,3,67,44,38,0,15,216,14,13,59,12,42,13,21,11,8,232,166,3,10,7,14,13,34,8,13,86,375,12,20,203,7,16,6,33,10,13,6,48,68,14
for,846,50,42,336,294,670,67,371,855,311,288,191,38,45,312,200,515,666,178,418,47,1177,614,91,4608,51,42,276,359,111,4793,745,900,1984,456,64,845,140,11271,1054,962,433,678,2514,9424,1823,3043,2654,2274,1335,303,1385,2244,90,25,409,1218,21709,2002,585,4294,1647,1335,306,2092,8606,201,661,5776,2484,3452,858,1468,2027,1145,10253,5846,822,669,834,108,658,2198,360,695,4872,16767,1259,1657,11157,651,1040,379,1733,528,1165,928,2501,3255,1045
support,41,7,7,16,15,34,4,17,59,7,26,12,5,5,17,10,39,61,13,16,2,104,104,9,235,7,4,14,15,5,296,38,45,109,28,11,37,7,621,36,43,45,54,184,713,97,197,137,160,70,25,77,164,8,2,24,47,695,151,21,325,111,94,20,123,615,22,46,381,207,356,51,117,161,87,712,406,52,71,47,13,37,158,23,1436,377,1056,102,99,937,33,81,21,89,24,91,86,299,255,39
people,94,3,3,17,17,111,5,84,107,12,55,23,8,3,36,6,22,58,13,29,16,145,141,8,682,10,4,58,44,27,518,108,106,244,61,8,69,18,1160,182,160,69,74,260,1140,365,341,353,252,116,35,160,250,13,2,61,77,658,294,74,356,275,164,20,235,1096,20,94,686,277,220,71,229,173,179,1390,683,109,127,83,19,2377,357,19,37,777,1926,240,150,1496,72,124,44,183,151,141,262,275,440,68
years,121,6,4,54,28,89,15,88,209,22,34,29,7,8,48,7,69,62,14,47,8,140,95,28,614,13,1,50,42,15,830,105,83,343,63,14,122,17,1700,193,402,58,95,376,1501,235,564,586,320,441,77,248,480,23,5,89,366,1045,401,154,929,411,242,28,328,1951,46,183,846,377,604,339,365,238,179,1920,783,165,93,477,17,68,351,58,39,822,2826,171,373,1761,417,151,75,367,117,149,131,422,486,3441
this,224,15,10,172,97,168,5,227,521,120,35,47,23,14,81,61,149,131,20,104,18,236,132,16,1204,8,9,57,107,20,1386,171,166,580,115,10,152,34,3027,434,240,109,220,625,2552,587,910,1006,785,392,99,554,864,24,7,147,409,1657,660,194,989,528,372,52,498,2861,43,233,1938,718,877,252,449,525,428,3277,1650,309,204,241,22,150,776,91,99,1629,4804,261,6388,3474,205,277,177,509,179,259,237,1098,1014,373
in,1605,121,113,841,489,1410,208,615,1489,424,544,574,140,115,655,245,911,1303,216,850,132,2020,1480,192,8374,100,125,553,914,316,8978,1286,1483,4623,949,142,1372,442,19289,2109,2053,874,972,4299,15904,3179,5468,5683,3455,1889,621,2280,4981,198,75,1171,2577,8606,4031,1074,6434,2915,2408,493,3680,38475,342,1100,9420,3489,4958,1809,2459,2449,1888,19275,10039,1477,920,1605,174,1096,4647,777,615,8360,31028,1786,2861,19601,1225,1643,786,3523,1072,2004,1471,4486,5892,1951
have,237,5,19,110,52,157,27,251,288,44,99,92,12,5,50,18,99,132,44,90,14,288,238,52,1110,4,7,59,107,45,1402,166,144,614,159,3,146,51,3388,485,264,202,259,720,3435,657,968,777,613,1267,137,657,760,29,6,114,273,1647,675,225,937,7013,381,58,511,2915,43,250,1408,765,709,300,495,505,572,3470,1736,288,324,356,25,275,798,123,111,2113,5375,598,528,3967,223,330,82,434,172,386,451,808,1043,411
are,244,10,14,124,37,146,13,143,252,55,88,58,14,11,53,20,117,136,30,144,12,297,190,43,1078,3,14,57,140,40,1554,167,159,618,156,7,161,51,3155,636,266,165,305,669,4028,7535,1061,867,705,336,134,608,801,26,18,81,256,1823,781,83,874,657,295,43,389,3179,44,270,1849,627,758,231,635,630,581,3756,1886,277,321,378,12,365,794,122,97,2246,5760,687,587,4162,316,417,63,235,169,452,473,605,1080,235
is,821,35,52,405,144,426,27,438,902,190,246,156,30,34,212,88,422,457,59,429,39,728,505,74,3859,14,18,146,380,93,6321,426,533,2102,389,16,513,135,11132,1391,888,437,774,2426,9679,1849,3099,2714,2173,874,352,1811,2577,99,21,312,1059,5776,2372,310,3063,1408,1286,212,1769,9420,159,788,22844,3097,3618,747,1542,2011,1673,11303,5652,1212,809,883,89,686,2455,369,381,6526,17823,943,1938,13170,569,1091,337,1029,310,1469,987,2127,3606,846
his,222,60,32,38,56,383,15,152,583,22,69,73,17,56,72,38,281,331,15,114,6,185,238,22,5084,12,14,237,583,54,898,420,532,1219,205,17,475,48,3717,620,592,263,177,868,3209,389,1280,1309,645,277,112,458,840,30,10,502,593,2092,836,257,1374,511,1629,104,8244,3680,53,278,1769,479,286,486,399,347,538,4233,2992,351,161,342,33,235,1117,154,123,1873,6086,266,498,5041,207,374,519,822,147,225,522,1122,1517,328
Minister,59,24,29,27,21,108,5,18,61,25,108,106,11,25,58,13,2243,114,16,82,0,161,159,13,522,11,37,53,54,0,349,137,131,251,48,10,138,29,944,82,122,60,36,224,1039,117,298,303,185,57,71,84,292,12,13,97,103,515,157,69,347,99,220,22,281,911,27,58,422,100,158,72,75,97,105,1021,849,44,20,99,39,22,548,86,39,448,1641,62,149,1196,71,53,182,207,39,87,72,365,459,69
said,275,31,34,386,68,698,35,251,469,171,111,139,22,35,129,45,548,683,34,169,11,349,302,52,2653,33,31,305,283,62,2100,733,732,1377,313,64,749,72,4621,630,621,264,218,1167,4031,794,1323,1410,1167,358,197,712,1343,55,28,289,470,2198,1066,465,1512,798,1561,120,1117,4647,120,286,2455,1309,1211,424,641,412,815,4692,3584,330,231,382,72,357,9093,215,158,3146,7532,370,776,5300,247,441,226,1288,333,439,483,1526,1458,351
In,57,11,10,53,26,82,7,99,3897,38,50,32,7,8,63,12,61,108,13,82,2,140,110,14,895,3,3,43,133,12,405,107,101,394,73,3,111,33,2155,278,118,84,110,638,1428,252,487,477,345,191,58,174,418,15,9,91,205,855,346,134,696,288,281,64,583,1489,39,134,902,459,594,216,221,276,213,2082,1013,183,126,134,13,107,469,68,59,1020,3154,176,521,1948,119,160,55,352,82,178,127,318,676,209
but,148,4,4,103,28,170,9,164,174,25,48,24,2,3,64,15,84,158,12,87,6,106,82,16,828,2,2,28,85,20,1305,122,164,548,77,2,153,18,2636,380,166,79,238,559,1823,608,669,678,875,418,66,5110,541,18,8,113,355,1385,576,211,1093,657,419,58,458,2280,34,216,1811,1040,924,254,497,365,968,2441,1442,338,204,297,15,160,712,106,77,1387,4068,254,554,2836,148,292,94,628,170,193,212,635,762,248
state,94,22,7,31,22,72,5,25,68,20,50,27,9,17,43,8,86,73,8,53,10,169,138,21,385,9,1,28,59,37,406,57,66,156,31,11,74,18,871,126,81,43,34,202,735,122,277,201,130,62,44,106,221,10,3,55,101,360,141,40,322,123,87,41,154,777,27,58,369,104,186,54,90,78,130,1114,521,44,37,82,26,19,215,1651,23,340,1399,76,91,883,55,76,69,142,37,69,48,216,254,58
President,473,208,59,82,159,1207,6,296,895,85,101,77,15,198,193,100,522,1039,85,273,0,142,226,23,19752,12,18,534,1153,143,2188,1163,1393,3894,727,15,1288,87,9259,1326,1188,702,349,2077,7371,1078,2507,3247,1421,575,381,828,1965,88,31,957,1027,4608,1733,515,2672,1110,3046,296,5084,8374,162,619,3859,1083,757,687,943,912,1056,9230,7057,669,325,702,89,682,2653,385,235,4523,14614,828,1204,11355,546,688,1080,1559,392,509,1127,2667,3497,614
conflict,13,3,6,2,23,7,6,10,15,2,67,25,5,3,6,20,12,25,15,8,0,82,29,5,88,3,0,5,10,0,88,9,16,47,16,7,15,4,215,34,17,11,7,48,199,26,49,41,53,23,39,18,48,392,4,6,16,90,33,12,69,29,26,2,30,198,22,22,99,35,43,21,18,17,20,221,132,12,21,27,30,13,55,10,8,107,370,12,24,228,20,16,6,32,8,15,10,34,71,23
up,122,2,4,73,36,138,4,79,160,23,24,17,3,2,64,4,53,110,16,71,15,139,50,8,688,4,3,54,77,36,953,132,138,391,61,41,129,10,1850,201,199,109,116,464,1828,417,561,471,376,183,68,292,524,16,2,73,195,1040,446,99,757,330,223,72,374,1643,20,131,1091,470,679,230,289,329,202,1861,1206,144,140,182,7,124,441,76,81,898,2984,233,277,2491,93,3789,57,333,102,213,189,437,862,151
all,73,6,10,24,20,56,0,83,110,6,33,20,3,4,24,8,36,41,4,39,17,105,76,16,349,1,1,17,42,31,546,59,50,195,26,0,57,7,1058,191,97,67,2424,248,1272,305,311,316,277,170,34,238,261,7,2,38,111,678,280,78,475,259,111,20,177,972,18,90,774,383,402,98,141,197,195,1379,682,128,122,116,16,74,218,34,54,732,1864,170,220,1334,42,116,32,213,99,132,113,263,403,95
East,74,3,2,25,836,13,10,5,26,142,44,32,46,5,38,417,21,64,46,15,88,344,82,16,159,11,3,40,25,107,173,41,61,53,59,9,48,25,496,36,90,16,20,126,371,37,98,120,58,60,17,28,101,23,3,42,27,294,65,19,127,52,42,32,56,489,12,23,144,54,70,21,20,28,34,556,244,24,16,31,42,17,68,22,15,148,725,48,97,483,35,36,25,80,44,20,32,56,142,28
US,264,7,18,88,53,526,3,73,394,58,71,48,8,7,128,45,251,422,42,114,3,86,59,24,3894,1,6,148,335,46,2288,356,473,8725,250,3,514,24,4517,637,578,321,195,908,3889,618,1359,1588,690,364,252,548,1199,47,9,336,727,1984,1007,245,1429,614,839,95,1219,4623,74,334,2102,695,776,403,668,455,518,4341,2931,275,214,514,59,244,1377,156,109,2233,7400,371,580,5076,301,391,550,668,223,346,357,1156,1459,343
Palestinian,292,225,243,264,82,71,156,64,110,57,381,716,120,228,68,48,159,103,82,37,3,512,3270,143,226,130,125,66,71,1,753,85,133,59,103,166,97,276,1485,86,221,128,76,343,1309,190,321,359,160,163,123,82,478,29,3,151,95,614,282,80,462,238,144,75,238,1480,102,88,505,134,197,81,76,76,126,1886,800,92,63,133,86,141,302,138,104,511,2537,161,132,1373,112,50,68,368,133,137,217,200,508,95
PALESTINE,54,1,0,1,88,8,0,3,2,0,0,3,1,1,6,1,0,23,2,16,251,108,3,0,0,0,2,22,0,98,89,12,5,3,2,0,5,7,152,10,40,4,17,65,102,12,36,64,24,23,3,6,23,0,0,11,8,47,17,10,32,14,6,18,6,132,0,7,39,18,34,13,11,14,9,122,75,12,3,18,1,16,11,10,2,36,162,14,18,107,14,15,0,47,36,1,19,22,53,8
had,95,5,10,31,19,111,2,118,134,18,42,35,3,4,41,9,69,73,3,34,10,137,80,9,515,3,9,37,42,16,533,95,74,245,40,0,108,9,1329,176,169,55,78,287,908,83,303,355,175,303,44,211,287,12,2,79,154,585,265,2320,367,225,271,38,257,1074,35,122,310,398,323,156,151,112,198,1130,717,121,73,131,8,74,465,40,21,879,1819,123,194,1271,104,99,35,330,105,150,164,98,407,154
Texas,85,0,0,4,107,44,0,8,12,1,1,0,0,0,21,0,0,29,0,7,98,150,1,0,143,0,0,58,17,557,141,14,13,46,14,0,10,6,283,28,77,19,31,108,236,40,74,131,44,35,12,20,102,0,0,39,31,111,51,16,81,45,37,45,54,316,2,10,93,41,56,18,16,18,27,295,171,27,12,25,0,27,62,37,5,116,416,35,20,258,14,36,3,75,45,8,48,49,84,15
International,39,3,3,25,142,46,5,2,38,888,8,17,2,2,34,140,25,40,7,23,0,193,57,3,85,4,2,12,10,1,295,48,59,58,25,6,74,10,450,26,36,7,6,59,325,55,92,155,69,20,11,25,145,2,12,8,31,311,118,18,125,44,21,0,22,424,11,12,190,74,110,23,51,28,27,505,242,12,9,19,1,12,171,20,7,193,752,32,120,521,19,23,16,52,16,54,6,99,139,22
Israeli,130,21,20,144,32,45,62,15,32,17,117,1231,68,18,42,11,106,73,31,7,3,305,716,102,77,74,56,34,19,0,245,41,85,48,33,144,42,153,560,37,126,70,20,221,499,58,117,157,46,63,59,24,215,25,1,86,19,191,103,35,171,92,63,25,73,574,25,39,156,55,60,34,41,24,39,710,354,27,18,54,35,23,139,27,12,212,936,48,47,492,47,17,15,149,68,49,99,66,175,29
it,264,5,8,151,54,223,10,243,459,74,88,55,8,5,108,14,100,234,12,120,18,180,134,23,1083,4,10,101,112,41,2034,241,304,695,145,1,318,36,4354,626,448,166,383,972,3719,627,1478,996,1278,551,118,1040,982,35,14,134,440,2484,958,398,2110,765,381,64,479,3489,64,415,3097,8738,1925,443,704,762,785,4176,2393,455,444,358,21,277,1309,104,207,3096,6621,383,718,5396,191,470,77,1259,200,525,276,1375,1482,377
two,70,5,4,45,35,92,11,34,119,19,42,47,11,5,47,12,71,98,7,51,14,108,112,19,546,5,8,33,38,14,628,89,60,301,51,4,85,31,1087,153,199,46,42,236,1276,316,366,347,183,157,149,148,286,20,1,54,180,651,252,104,409,223,107,18,207,1225,23,91,569,191,341,127,218,204,91,1296,698,143,89,171,15,72,247,55,33,535,1917,151,205,1200,2323,93,86,174,104,100,91,297,430,417
A,3542,9,15,89,74,115,31,52,57,39,69,130,23,11,42,14,59,107,40,106,54,365,292,21,473,15,16,64,46,85,422,107,120,264,81,26,85,64,1672,206,292,90,73,391,1393,244,430,478,316,251,90,148,575,13,7,130,104,846,469,95,704,237,177,76,222,1605,40,141,821,264,356,101,202,435,146,1887,964,103,71,154,24,94,275,94,41,816,2642,126,224,1695,70,122,53,389,107,149,188,312,496,121
a,1672,114,136,710,496,1453,140,795,2155,450,562,560,115,113,547,290,944,1386,207,834,152,1911,1485,154,9259,65,74,600,811,283,9238,1418,1672,4517,845,125,1599,328,42260,2440,2395,901,1058,4010,17314,3155,6410,6474,3992,2183,784,2636,5269,215,106,1321,2110,11271,4725,1329,7916,3388,2785,557,3717,19289,328,1674,11132,4354,5297,1806,2619,4241,2184,22211,12070,1583,1293,1845,206,1160,4621,871,621,10472,31239,1758,3027,23153,1087,1850,999,3801,988,2175,1820,4721,7373,1700
as,430,27,29,243,98,422,18,212,487,92,152,117,32,26,177,47,298,387,54,245,36,426,321,63,2507,21,24,173,254,74,2640,423,474,1359,277,32,438,86,6410,710,515,256,311,1431,5295,1061,12030,1479,1226,692,206,669,1479,49,16,282,796,3043,1266,303,2135,968,1305,204,1280,5468,92,460,3099,1478,1897,660,820,850,690,6225,3264,505,342,532,52,341,1323,277,197,2480,9589,616,910,6614,366,561,271,1127,328,562,444,1380,1786,564
has,704,32,52,249,127,256,46,164,696,125,221,171,27,38,146,74,347,250,67,251,32,581,462,77,2672,21,21,99,256,81,3857,231,287,1429,330,41,262,98,7916,837,604,297,475,1753,6180,874,2135,1572,1286,2907,253,1093,1776,69,20,249,651,4294,1464,367,15604,937,941,192,1374,6434,118,656,3063,2110,3077,645,1070,1478,900,7787,3608,647,432,853,68,356,1512,322,325,4460,11989,596,989,8448,409,757,215,743,210,1085,708,1310,2445,929
Wednesday,85,9,14,80,48,13,8,27,111,74,34,42,9,9,57,30,138,18,29,52,5,120,97,19,1288,22,13,9,91,10,554,26,28,514,107,35,2783,24,1599,165,197,91,57,370,1165,161,438,497,262,59,69,153,396,15,5,91,231,845,320,108,262,146,348,34,475,1372,37,136,513,318,388,94,171,177,145,1475,1723,65,52,142,23,69,749,74,37,811,2204,174,152,1716,85,129,167,274,96,138,145,542,521,122
Ramallah,16,16,14,46,3,16,5,0,3,2,16,56,11,15,11,3,37,8,0,1,2,84,125,8,18,13,196,4,6,0,46,6,21,6,1,11,13,48,74,5,17,6,1,23,89,14,24,43,7,14,15,2,27,0,4,18,11,42,12,9,21,7,12,7,14,125,2,3,18,10,22,1,2,9,9,120,96,4,4,9,3,4,31,1,4,17,145,7,9,80,8,3,17,33,7,9,12,17,40,1
or,71,1,6,31,16,57,5,79,126,9,30,18,6,1,26,6,20,51,10,34,3,88,63,9,325,1,4,13,44,12,557,60,43,214,40,3,52,15,1293,195,69,53,122,296,949,321,342,296,353,185,38,204,319,21,2,39,83,669,275,73,432,324,149,18,161,920,11,107,809,444,366,96,218,230,353,1222,654,138,2443,159,2,127,231,37,71,685,1813,162,204,1442,89,140,17,211,87,130,170,326,428,93
Monday,107,25,12,63,64,32,6,19,108,40,28,73,10,27,48,36,114,2575,26,70,23,170,103,17,1039,17,8,4,99,29,541,26,22,422,94,49,18,12,1386,184,164,115,41,354,1020,136,387,504,199,81,51,158,347,25,9,109,128,666,245,73,250,132,241,31,331,1303,22,96,457,234,343,98,191,169,94,1280,1602,85,51,113,11,58,683,73,61,734,2016,128,131,1547,98,110,84,296,74,126,102,414,519,62
last,101,5,8,61,21,146,5,67,216,23,22,34,7,5,58,6,72,98,13,66,13,101,81,7,687,3,1,43,126,18,944,123,162,403,81,16,94,13,1806,212,195,57,98,405,1428,231,660,612,313,239,48,254,600,21,12,111,207,858,437,156,645,300,253,25,486,1809,32,150,747,443,559,3630,247,269,157,1992,960,159,96,258,8,71,424,54,51,902,2999,132,252,1883,127,230,93,475,153,179,123,301,604,339
de,7,2,0,7,3,2,3,1,9,12,0,1,0,1,1,0,13,9,2,6,0,107,3,0,31,2,4,10,8,0,33,4,5,9,3,0,5,0,106,5,4,3,2,7,67,18,16,28,3,1,3,8,12,4,283,5,8,25,10,2,20,6,9,0,10,75,0,14,21,14,6,12,5,5,6,55,34,4,2,8,0,2,28,3,2,20,109,11,7,54,1,2,6,11,1,16,3,22,21,5
RAMALLAH,15,6,9,37,11,3,1,0,3,4,13,74,12,6,39,3,11,17,6,6,0,124,130,19,12,231,13,8,1,0,92,12,37,1,9,147,22,37,65,10,4,16,1,15,90,3,21,6,8,6,16,2,40,3,2,10,8,51,15,3,21,4,10,2,12,100,14,3,14,4,14,3,14,2,7,153,77,1,1,18,4,10,33,9,7,33,183,10,8,97,5,4,5,25,12,15,16,8,17,13
I,52,2,2,14,5,19,4,1647,99,2,32,15,2,2,10,5,18,19,1,15,3,89,64,5,296,0,0,14,32,8,217,19,29,73,29,0,27,5,795,199,53,20,83,155,650,143,212,225,205,99,17,164,136,10,1,42,90,371,156,118,164,251,172,42,152,615,3,58,438,243,116,67,83,73,168,807,394,96,79,63,5,84,251,25,17,532,1240,49,227,866,34,79,25,294,68,75,85,142,281,88
that,816,50,71,305,148,747,30,532,1020,193,284,212,33,42,217,69,448,734,86,290,36,643,511,92,4523,33,17,271,416,116,4401,737,848,2233,476,34,811,102,10472,1153,844,492,732,2432,8306,2246,2480,2300,2628,1179,374,1387,2315,107,20,430,853,4872,2266,879,4460,2113,1692,243,1873,8360,169,824,6526,3096,2925,902,1372,1764,1578,9726,5745,906,685,769,88,777,3146,340,377,20678,16050,1102,1629,10933,535,898,278,2184,674,817,708,3107,3057,822
to,1695,144,143,850,483,1612,132,866,1948,521,693,492,102,138,578,311,1196,1547,203,825,107,2040,1373,202,11355,97,80,582,1067,258,10387,1570,1809,5076,1015,177,1716,323,23153,2776,2159,1057,1334,5248,19987,4162,6614,5533,5453,2126,771,2836,5588,228,54,1029,2454,11157,5335,1271,8448,3967,3280,617,5041,19601,440,1652,13170,5396,6803,1883,3171,3868,2638,22766,13250,1746,1442,1934,258,1496,5300,883,937,10933,36959,2692,3474,48065,1200,2491,1458,3691,1145,2321,1993,5795,7613,1761
Saturday,64,10,4,22,40,22,5,14,43,12,25,34,6,10,16,6,53,4,3,12,22,113,66,17,534,8,4,1056,36,58,189,5,4,148,32,10,9,21,600,72,112,28,17,120,434,57,173,247,90,16,12,28,110,5,10,53,54,276,116,37,99,59,133,39,237,553,9,59,146,101,83,43,66,39,60,556,628,41,13,60,8,58,305,28,14,271,804,58,57,582,33,54,61,135,46,46,62,109,141,50
Israel,69,15,55,59,44,33,61,32,50,8,1188,117,36,18,32,36,108,28,42,33,0,570,381,70,101,13,16,25,43,1,249,29,26,71,62,20,34,77,562,54,61,76,33,131,679,88,152,111,82,76,144,48,178,67,0,32,50,288,98,42,221,99,68,32,69,544,45,33,246,88,101,22,43,28,79,658,355,34,30,63,100,55,111,50,26,284,908,42,35,693,42,24,89,129,44,61,59,124,206,34
was,389,13,18,154,80,314,29,294,352,52,129,149,34,25,90,21,207,296,33,130,47,445,368,37,1559,25,33,135,150,75,1807,265,306,668,166,31,274,76,3801,487,668,155,213,867,2848,235,1127,1157,539,290,130,628,1402,32,11,232,543,1733,876,330,743,434,912,159,822,3523,53,276,1029,1259,802,475,408,348,523,3615,2083,472,211,287,28,183,1288,142,89,2184,5683,240,509,3691,174,333,155,7187,320,532,431,304,1153,367
at,478,32,27,274,120,565,33,225,477,155,111,157,26,32,219,45,303,504,78,332,64,575,359,43,3247,6,43,247,299,131,2635,483,582,1588,231,80,497,114,6474,724,647,221,316,1431,4819,867,1479,11996,1052,504,191,678,1365,41,28,534,791,2654,1175,355,1572,777,874,154,1309,5683,101,322,2714,996,1452,612,670,768,577,6028,3409,471,296,468,56,353,1410,201,137,2300,9722,581,1006,5533,347,471,207,1157,341,497,510,1395,1796,586
been,251,5,11,70,60,56,19,99,191,20,76,63,9,5,32,20,57,81,33,54,23,223,163,26,575,6,14,16,60,35,1048,83,68,364,95,9,59,46,2183,339,173,117,170,442,1896,336,692,504,314,4431,88,418,759,23,1,66,171,1335,408,303,2907,1267,243,34,277,1889,36,183,874,551,648,239,337,310,285,2227,1032,228,185,291,18,116,358,62,70,1179,3465,200,392,2126,157,183,48,290,92,352,196,284,722,441
The,422,20,90,573,173,728,68,217,405,295,249,245,55,31,315,73,349,541,131,427,89,1094,753,102,2188,92,46,189,340,141,19644,588,730,2288,474,135,554,147,9238,941,876,383,546,1958,8358,1554,2640,2635,1847,1048,430,1305,2991,88,33,391,1306,4793,2439,533,3857,1402,559,158,898,8978,132,681,6321,2034,2813,944,1370,1654,1046,10534,5353,696,557,887,81,518,2100,406,296,4401,15052,836,1386,10387,628,953,236,1807,552,1227,664,2492,2921,830
Palestine,365,92,53,135,344,131,93,89,140,193,570,305,74,83,138,179,161,170,141,142,108,4137,512,155,142,124,84,113,123,150,1094,134,167,86,172,229,120,156,1911,126,264,155,105,405,1842,297,426,575,261,223,193,106,554,82,107,133,168,1177,445,137,581,288,157,138,185,2020,104,109,728,180,304,101,107,95,188,2440,1094,130,88,169,105,145,349,169,104,643,3064,233,236,2040,108,139,148,445,174,171,188,355,543,140
over,154,14,14,68,31,150,10,63,134,19,63,54,14,6,42,21,99,113,7,62,18,169,133,27,702,18,9,60,43,25,887,135,109,514,57,21,142,34,1845,186,171,81,116,380,1592,378,532,468,332,291,73,297,481,27,8,81,177,834,390,131,853,356,209,48,342,1605,36,189,883,358,501,258,208,258,170,1833,925,122,159,3513,9,83,382,82,47,769,2990,188,241,1934,171,182,46,287,99,201,134,417,604,477
Palestinians,21,9,11,49,16,7,25,5,14,3,70,102,18,8,10,10,13,17,13,6,0,155,143,403,23,19,8,17,7,0,102,16,14,24,13,38,19,49,154,10,30,25,16,46,200,43,63,43,32,26,38,16,64,5,0,17,27,91,47,9,77,52,12,4,22,192,14,21,74,23,26,7,23,7,28,227,105,26,9,27,38,8,52,21,9,92,312,40,16,202,19,8,9,37,37,11,31,33,47,28
on,964,81,67,504,244,1623,82,394,1013,242,355,354,69,80,426,126,849,1602,166,536,75,1094,800,105,7057,77,96,628,657,171,5353,1656,1914,2931,605,112,1723,207,12070,1325,1301,614,682,2926,10319,1886,3264,3409,2284,1032,404,1442,2835,132,34,689,1364,5846,2452,717,3608,1736,1800,364,2992,10039,247,765,5652,2393,3417,960,1499,1740,1241,11924,24350,858,654,925,115,683,3584,521,406,5745,19036,1297,1650,13250,698,1206,714,2083,627,1228,1015,3344,3991,783
Thursday,107,8,6,78,41,41,4,19,107,48,29,41,14,10,46,30,137,26,22,62,12,134,85,16,1163,12,6,5,67,14,588,2689,8,356,85,25,26,31,1418,186,214,98,59,273,1089,167,423,483,218,83,42,122,416,9,4,101,135,745,352,95,231,166,325,44,420,1286,10,107,426,241,365,123,144,165,138,1419,1656,103,60,135,15,108,733,57,38,737,2103,163,171,1570,89,132,103,265,73,115,114,412,525,105
after,292,10,5,122,90,216,19,53,118,36,61,126,19,14,64,15,122,164,12,70,40,264,221,30,1188,4,17,112,99,77,876,214,252,578,115,10,197,59,2395,257,4210,117,97,536,1512,266,515,647,355,173,57,166,554,17,4,113,317,962,477,169,604,264,456,106,592,2053,53,178,888,448,573,195,242,212,190,2018,1301,150,69,171,24,160,621,81,43,844,3293,248,240,2159,199,199,130,668,188,146,200,382,727,402
WAFA,26,10,4,14,9,15,23,0,3,6,20,144,19,11,59,1,10,49,25,0,0,229,166,38,15,147,11,10,2,0,135,25,62,3,29,374,35,10,125,9,10,16,0,45,129,7,32,80,3,9,13,2,129,7,0,15,6,64,25,0,41,3,12,0,17,142,15,14,16,1,26,16,15,3,5,271,112,6,3,21,4,8,64,11,11,34,307,14,10,177,4,41,5,31,21,24,20,11,32,14
Tuesday,120,13,14,97,61,9,19,29,101,59,26,85,15,10,48,38,131,22,18,63,5,167,133,14,1393,37,21,4,236,13,730,8,3037,473,105,62,28,38,1672,195,252,127,50,415,1307,159,474,582,247,68,56,164,414,16,5,139,177,900,330,74,287,144,316,66,532,1483,23,77,533,304,403,162,195,196,177,1586,1914,93,43,109,11,106,732,66,45,848,2425,135,166,1809,60,138,88,306,91,144,160,503,568,83
who,188,12,19,42,32,128,13,85,127,6,59,99,16,15,28,8,72,102,6,63,19,188,217,31,1127,16,12,62,63,48,664,114,160,357,67,20,145,35,1820,179,200,103,113,392,1385,473,444,510,372,196,51,212,425,10,3,98,126,928,459,164,708,451,312,144,522,1471,13,114,987,276,273,123,213,201,250,1760,1015,159,170,134,14,262,483,48,86,708,2632,274,237,1993,91,189,67,431,201,104,3389,391,657,131
Gaza,31,4,7,39,10,18,284,4,7,5,61,62,12,8,14,1,5,6,12,3,0,93,156,25,6,1,5,5,4,0,68,4,19,3,15,23,8,39,140,3,19,8,0,23,119,13,18,33,5,19,9,9,40,6,3,19,7,67,43,2,46,27,14,4,15,208,3,6,27,10,14,5,9,3,6,165,82,9,5,10,1,5,35,5,4,30,241,15,5,132,11,4,4,29,28,11,13,12,44,15
international,40,13,4,16,12,38,3,3,39,11,45,25,6,10,18,11,27,22,14,16,0,104,102,14,162,14,2,9,22,2,132,10,23,74,34,15,37,3,328,20,53,28,18,140,326,44,92,101,58,36,17,34,119,22,0,10,29,201,46,35,118,43,45,1,53,342,720,17,159,64,125,32,50,44,47,378,247,7,11,36,51,20,120,27,22,169,572,27,43,440,23,20,12,53,31,26,13,89,127,46
Friday,115,4,7,83,13,2716,18,19,82,46,33,45,5,4,69,6,108,32,10,61,8,131,71,7,1207,3,16,22,47,44,728,41,9,526,74,15,13,33,1453,157,216,87,56,345,1171,146,422,565,213,56,65,170,419,7,2,101,281,670,375,111,256,157,303,51,383,1410,38,95,426,223,301,146,192,154,152,1379,1623,70,57,150,17,111,698,72,34,747,2215,163,168,1612,92,138,109,314,111,132,128,442,457,89
peace,24,10,13,4,42,17,1,5,13,1,100,35,6,9,10,40,39,11,14,9,1,105,86,38,89,4,3,8,16,0,81,15,11,59,24,4,23,9,206,17,24,3,16,69,206,12,52,56,33,18,59,15,53,30,0,11,21,108,22,8,68,25,32,7,33,174,51,15,89,21,32,8,19,16,25,213,115,7,2,9,390,19,72,26,13,88,301,17,22,258,15,7,16,28,10,17,14,58,85,17
by,575,27,47,258,101,419,40,136,418,145,178,215,34,27,152,37,292,347,74,199,23,554,478,64,1965,40,27,110,207,102,2991,416,414,1199,240,129,396,100,5269,542,554,269,261,1193,4431,801,1479,1365,1079,759,189,541,10650,48,12,317,622,2244,1211,287,1776,760,546,105,840,4981,119,356,2577,982,1450,600,681,762,555,5323,2835,373,319,481,53,250,1343,221,164,2315,8455,455,864,5588,286,524,243,1402,399,701,425,1187,1426,480
visit,53,25,10,9,25,109,4,25,55,16,89,15,10,28,57,17,182,84,6,39,0,148,68,9,1080,5,17,61,49,3,236,103,88,550,92,5,167,37,999,77,130,55,32,249,699,63,271,207,181,48,58,94,243,6,6,235,436,379,114,35,215,82,291,31,519,786,12,47,337,77,66,93,66,38,77,809,714,51,17,46,16,44,226,69,21,278,1305,73,177,1458,86,57,1692,155,27,49,67,547,353,75
he,177,20,8,60,42,303,14,172,281,21,68,63,6,20,35,27,220,241,38,82,6,157,144,12,3046,10,12,133,201,37,559,325,316,839,222,12,348,24,2785,478,456,176,111,749,2052,295,1305,874,624,243,111,419,546,26,9,213,340,1335,604,271,941,381,5496,71,1629,2408,45,227,1286,381,249,253,306,181,479,2549,1800,261,149,209,32,164,1561,87,94,1692,4180,164,372,3280,107,223,291,912,118,243,312,853,929,242
new,435,3,10,51,28,154,3,73,276,28,28,24,6,5,51,17,97,169,11,106,14,95,76,7,912,2,9,39,58,18,1654,165,196,455,101,3,177,26,4241,359,212,78,197,606,2933,630,850,768,639,310,99,365,762,17,5,116,312,2027,729,112,1478,505,181,28,347,2449,44,294,2011,762,1276,269,491,6597,249,3233,1740,242,230,258,16,173,412,78,161,1764,4832,364,525,3868,204,329,38,348,109,430,201,993,1346,238
will,312,36,32,213,56,442,12,142,318,99,124,66,22,36,193,32,365,414,48,170,22,355,200,33,2667,8,17,109,307,49,2492,412,503,1156,241,11,542,73,4721,451,382,178,263,1114,4539,605,1380,1395,2637,284,192,635,1187,34,22,231,741,2501,1115,98,1310,808,853,96,1122,4486,89,389,2127,1375,1415,301,641,993,728,4799,3344,357,326,417,58,275,1526,216,299,3107,8004,564,1098,5795,297,437,547,304,106,682,391,10145,1763,422
their,126,12,14,54,48,163,15,49,176,32,42,48,11,10,40,13,62,128,12,62,14,233,161,40,828,10,7,58,57,35,836,163,135,371,60,14,174,30,1758,340,248,105,170,392,2317,687,616,581,413,200,78,254,455,12,11,127,249,1259,482,123,596,598,164,35,266,1786,27,192,943,383,419,132,299,364,210,2122,1297,165,162,188,17,240,370,76,102,1102,2927,4201,261,2692,151,233,73,240,168,234,274,564,790,171
not,146,8,14,75,34,152,6,168,213,27,79,39,9,6,37,19,105,94,8,74,9,188,126,28,1056,7,9,60,130,27,1046,138,177,518,108,5,145,26,2184,378,190,125,195,565,1831,581,690,577,762,285,66,968,555,20,6,91,212,1145,483,198,900,572,479,66,538,1888,47,169,1673,785,678,157,251,249,4704,2195,1241,244,353,170,25,179,815,130,87,1578,3686,210,428,2638,91,202,77,523,159,237,250,728,675,179
with,496,78,52,165,142,457,44,281,676,139,206,175,28,70,170,74,459,519,68,251,53,543,508,47,3497,17,40,141,315,84,2921,525,568,1459,294,32,521,116,7373,768,727,263,403,1753,6249,1080,1786,1796,1269,722,202,762,1426,71,21,500,752,3255,1335,407,2445,1043,929,212,1517,5892,127,528,3606,1482,2061,604,861,1346,675,6733,3991,526,428,604,85,440,1458,254,255,3057,10541,790,1014,7613,430,862,353,1153,314,642,657,1763,14134,486
from,469,13,28,233,65,375,43,156,346,118,98,103,17,16,139,36,157,245,41,173,17,445,282,47,1733,15,12,116,186,51,2439,352,330,1007,206,25,320,76,4725,540,477,174,280,1055,3929,781,1266,1175,817,408,109,576,1211,33,10,200,500,2002,9214,265,1464,675,604,116,836,4031,46,316,2372,958,1341,437,601,729,483,4485,2452,374,275,390,22,294,1066,141,151,2266,7292,482,660,5335,252,446,114,876,270,482,459,1115,1335,401
first,104,6,14,88,27,281,7,90,205,31,50,19,5,6,88,19,103,128,19,104,8,168,95,27,1027,8,11,54,89,31,1306,135,177,727,101,6,231,40,2110,214,317,48,111,442,1803,256,796,791,460,171,88,355,622,16,8,221,4365,1218,500,154,651,273,340,108,593,2577,29,199,1059,440,739,207,281,312,212,2404,1364,220,83,177,21,77,470,101,47,853,3949,249,409,2454,180,195,436,543,111,215,126,741,752,366
its,356,8,24,313,70,301,14,116,594,110,101,60,14,7,204,27,158,343,42,181,34,304,197,26,757,14,22,83,151,56,2813,365,403,776,186,26,388,72,5297,636,573,255,402,1226,5015,758,1897,1452,1136,648,133,924,1450,43,6,236,739,3452,1341,323,3077,709,249,26,286,4958,125,525,3618,1925,11482,559,825,1276,678,5895,3417,485,366,501,32,220,1211,186,356,2925,8518,419,877,6803,341,679,66,802,223,705,273,1415,2061,604
which,149,17,23,71,20,132,11,75,178,54,61,49,15,7,50,14,87,126,13,68,1,171,137,11,509,15,9,46,42,8,1227,115,144,346,63,24,138,11,2175,237,146,73,132,483,1638,452,562,497,552,352,62,193,701,15,16,90,215,1165,482,150,1085,386,243,35,225,2004,26,190,1469,525,705,179,274,430,237,2161,1228,206,130,201,17,141,439,69,91,817,3207,234,259,2321,100,213,49,532,140,4085,104,682,642,149
an,391,37,29,125,126,345,23,155,638,59,131,221,23,33,112,35,224,354,49,151,65,405,343,46,2077,15,23,120,198,108,1958,273,415,908,177,45,370,68,4010,530,536,216,248,9011,3677,669,1431,1431,882,442,166,559,1193,48,7,294,442,2514,1055,287,1753,720,749,100,868,4299,140,390,2426,972,1226,405,498,606,565,4843,2926,359,296,380,69,260,1167,202,184,2432,6647,392,625,5248,236,464,249,867,241,483,392,1114,1753,376
be,316,16,14,124,58,213,5,205,345,69,82,46,16,15,106,32,185,199,34,123,24,261,160,32,1421,8,7,90,142,44,1847,218,247,690,155,3,262,37,3992,488,355,143,277,882,3425,705,1226,1052,8020,314,128,875,1079,53,3,140,460,2274,817,175,1286,613,624,88,645,3455,58,341,2173,1278,1136,313,573,639,762,3902,2284,464,353,332,33,252,1167,130,160,2628,6307,413,785,5453,183,376,181,539,176,552,372,2637,1269,320
Jerusalem,23,4,3,38,46,5,12,2,7,2,36,68,225,6,7,3,11,10,9,2,1,74,120,18,15,12,11,6,6,0,55,14,15,8,9,19,9,41,115,6,19,10,3,23,123,14,32,26,16,9,10,2,34,5,0,8,5,38,17,3,27,12,6,2,17,140,6,7,30,8,14,7,6,6,9,136,69,7,6,14,6,8,22,9,5,33,171,11,23,102,11,3,10,34,5,15,16,22,28,7
into,141,2,6,51,23,95,6,58,134,12,33,39,7,4,17,17,58,96,13,38,7,109,88,21,619,3,3,59,58,10,681,107,77,334,51,14,136,20,1674,165,178,61,90,390,1379,270,460,322,341,183,56,216,356,22,14,49,199,661,316,122,656,250,227,46,278,1100,17,3043,788,415,525,150,244,294,169,1541,765,175,107,189,15,94,286,58,46,824,2484,192,233,1652,91,131,47,276,62,190,114,389,528,183
United,81,8,10,22,59,74,15,29,73,25,62,33,9,4,26,28,48,94,359,32,2,172,103,13,727,9,1,32,113,14,474,85,105,250,1807,29,107,18,845,91,115,82,26,177,845,156,277,231,155,95,69,77,240,16,3,81,101,456,206,40,330,159,222,14,205,949,34,51,389,145,186,81,121,101,108,955,605,44,40,57,24,61,313,31,28,476,1694,60,115,1015,51,61,92,166,36,63,67,241,294,63
her,76,3,1,18,32,51,4,42,64,0,32,25,2,3,10,5,22,31,0,31,18,138,75,4,296,2,7,39,22,45,158,44,66,95,14,0,34,26,557,87,106,23,20,100,457,43,204,154,88,34,8,58,105,2,0,51,108,306,116,38,192,58,71,1168,104,493,1,46,212,64,26,25,31,28,66,543,364,37,18,48,7,20,120,41,20,243,794,35,52,617,18,72,31,159,38,35,144,96,212,28
were,107,4,5,31,44,111,28,68,82,16,44,68,5,4,23,13,39,74,10,45,36,174,133,37,392,12,7,46,31,45,552,73,91,223,36,21,96,23,988,203,188,41,99,241,1126,169,328,341,176,92,37,170,399,8,1,64,111,528,270,105,210,172,118,38,147,1072,31,62,310,200,223,153,162,109,159,1169,627,83,87,99,10,151,333,37,24,674,1746,168,179,1145,104,102,27,320,2206,140,201,106,314,117
more,202,1,6,113,20,192,9,83,221,51,43,41,6,3,82,11,75,191,21,96,11,107,76,23,943,14,2,66,75,16,1370,144,195,668,121,15,171,24,2619,435,242,97,141,498,2508,635,820,670,573,337,87,497,681,18,5,94,281,1468,601,151,1070,495,306,31,399,2459,50,244,1542,704,825,247,5268,491,251,2486,1499,243,218,208,19,229,641,90,117,1372,4044,299,449,3171,218,289,66,408,162,274,213,641,861,365
Abbas,9,287,78,12,3,4,4,2,11,3,15,21,4,237,6,2,24,25,6,2,1,92,225,9,208,6,16,10,30,0,20,8,13,7,8,10,9,14,114,5,10,5,6,37,84,10,27,32,16,5,5,4,27,3,2,25,6,50,13,5,32,5,20,3,60,121,13,2,35,5,8,5,1,3,8,151,81,1,1,14,10,3,31,22,7,50,192,12,15,144,5,2,25,13,4,17,12,36,78,6
New,106,2,2,26,15,61,3,15,82,23,33,7,2,2,26,8,82,70,19,1733,16,142,37,6,273,6,1,12,19,7,427,62,63,114,32,0,52,16,834,108,70,28,39,151,701,144,245,332,123,54,37,87,199,8,6,63,104,418,173,34,251,90,82,31,114,850,16,38,429,120,181,66,96,106,74,809,536,42,34,62,9,29,169,53,16,290,1301,62,104,825,51,71,39,130,45,68,63,170,251,47
State,46,30,18,14,25,47,4,32,133,10,43,19,6,29,7,20,54,99,12,19,0,123,71,7,1153,1,6,36,1919,17,340,67,236,335,113,2,91,14,811,120,99,206,42,198,833,140,254,299,142,60,33,85,207,10,8,111,89,359,186,42,256,107,201,22,583,914,22,58,380,112,151,126,75,58,130,1386,657,60,44,43,16,44,283,59,15,416,1716,57,107,1067,38,77,49,150,31,42,63,307,315,42
Mahmoud,11,237,70,11,5,4,8,2,8,2,18,18,6,283,9,3,25,27,3,2,1,83,228,8,198,6,15,10,29,0,31,10,10,7,4,11,9,13,113,4,14,5,4,33,72,11,26,32,15,5,5,3,27,3,1,25,6,45,16,4,38,5,20,3,56,115,10,4,34,5,7,5,3,5,6,155,80,2,1,6,9,3,35,17,5,42,190,10,14,138,5,2,28,25,4,7,15,36,70,8
between,90,5,30,21,17,65,9,17,58,11,144,59,10,5,35,9,71,51,11,37,3,193,123,38,381,16,15,12,33,12,430,42,56,252,69,13,69,26,784,72,57,28,34,166,1310,134,206,191,128,88,1537,66,189,39,3,58,88,303,109,44,253,137,111,8,112,621,17,56,352,118,133,48,87,99,66,729,404,55,38,73,59,35,197,44,25,374,1297,78,99,771,149,68,58,130,37,62,51,192,202,77
West,64,14,17,403,25,33,39,5,33,10,77,153,41,13,10,5,29,12,13,16,7,156,276,49,87,37,48,21,14,6,147,31,38,24,18,10,24,684,328,19,59,26,7,68,333,51,86,114,37,46,26,18,100,4,0,47,40,140,76,9,98,51,24,26,48,442,3,20,135,36,72,13,24,26,26,417,207,34,15,34,9,18,72,18,7,102,591,30,34,323,31,10,37,76,23,11,35,73,116,17
about,206,5,5,94,36,157,3,199,278,26,54,37,6,4,42,16,82,184,1,108,10,126,86,10,1326,10,5,72,120,28,941,186,195,637,91,9,165,19,2440,5301,257,70,191,530,2332,636,710,724,488,339,72,380,542,34,5,117,214,1054,540,176,837,485,478,87,620,2109,20,165,1391,626,636,212,435,359,378,2595,1325,207,195,186,17,182,630,126,36,1153,4266,340,434,2776,153,201,77,487,203,237,179,451,768,193
March,42,6,12,18,38,69,14,10,63,34,32,42,7,9,1151,29,58,48,11,26,6,138,68,10,193,39,11,16,7,21,315,46,48,128,26,59,57,10,547,42,64,22,24,112,450,53,177,219,106,32,35,64,152,6,1,57,88,312,139,41,146,50,35,10,72,655,18,17,212,108,204,58,82,51,37,565,426,23,26,42,10,36,129,43,17,217,891,40,81,578,47,64,57,90,23,50,28,193,170,48
Authority,15,78,296,19,2,7,7,2,10,3,55,20,3,70,12,2,29,12,6,2,0,53,243,11,59,9,14,4,18,0,90,6,14,18,10,4,14,17,136,5,5,6,10,29,125,14,29,27,14,11,30,4,47,6,0,8,14,42,28,10,52,19,8,1,32,113,4,6,52,8,24,8,6,10,14,171,67,3,6,14,13,3,34,7,7,71,246,14,10,143,4,4,10,18,5,23,19,32,52,4
against,90,5,6,29,16,87,8,20,84,7,76,70,10,5,22,10,60,115,18,28,4,155,128,25,702,16,6,28,206,19,383,98,127,321,82,16,91,26,901,70,117,1901,67,216,848,165,256,221,143,117,28,79,269,11,3,67,48,433,174,55,297,202,176,23,263,874,28,61,437,166,255,57,97,78,125,816,614,53,53,81,3,69,264,43,45,492,1549,105,109,1057,46,109,55,155,41,73,103,178,263,58
during,130,25,8,59,42,101,19,42,91,8,32,86,8,25,57,8,97,109,24,63,11,133,151,17,957,10,18,53,111,39,391,101,139,336,81,15,91,47,1321,117,113,67,38,294,774,81,282,534,140,66,58,113,317,6,5,2401,221,409,200,79,249,114,213,51,502,1171,10,49,312,134,236,111,94,116,91,1146,689,69,39,81,11,61,289,55,24,430,1926,127,147,1029,54,73,235,232,64,90,98,231,500,89
Bank,89,12,19,1624,25,83,39,14,53,25,59,144,38,11,18,6,27,63,11,26,1,135,264,49,82,37,46,22,14,4,573,78,97,88,22,14,80,403,710,94,122,29,24,125,678,124,243,274,124,70,21,103,258,2,7,59,88,336,233,31,249,110,60,18,38,841,16,51,405,151,313,61,113,51,75,1139,504,43,31,68,4,17,386,31,16,305,1437,54,172,850,45,73,9,154,31,71,42,213,165,54
of,1887,151,171,1139,556,1379,165,807,2082,505,658,710,136,155,565,329,1021,1280,232,809,122,2440,1886,227,9230,153,120,556,1386,295,10534,1419,1586,4341,955,271,1475,417,22211,2595,2018,816,1379,4843,18741,3756,6225,6028,3902,2227,729,2441,5323,221,55,1146,2404,10253,4485,1130,7787,3470,2549,543,4233,19275,378,1541,11303,4176,5895,1992,2486,3233,2195,44918,11924,2430,1222,1833,213,1390,4692,1114,712,9726,37734,2122,3277,22766,1296,1861,809,3615,1169,2161,1760,4799,6733,1920
Middle,14,2,2,6,417,6,1,5,12,140,36,11,3,3,29,463,13,36,17,8,1,179,48,10,100,3,3,6,20,0,73,30,38,45,28,1,30,5,290,16,15,10,8,35,177,20,47,45,32,20,9,15,37,20,0,8,19,200,36,9,74,18,27,5,38,245,11,17,88,14,27,6,11,17,19,329,126,18,6,21,40,6,45,8,10,69,433,13,61,311,12,4,17,21,13,14,8,32,74,7
and,1393,84,125,678,371,1171,119,650,1428,325,679,499,123,72,450,177,1039,1020,178,701,102,1842,1309,200,7371,90,89,434,833,236,8358,1089,1307,3889,845,129,1165,333,17314,2332,1512,848,1272,3677,37870,4028,5295,4819,3425,1896,1310,1823,4431,199,67,774,1803,9424,3929,908,6180,3435,2052,457,3209,15904,326,1379,9679,3719,5015,1428,2508,2933,1831,18741,10319,1341,949,1592,206,1140,4031,735,713,8306,28676,2317,2552,19987,1276,1828,699,2848,1126,1638,1385,4539,6249,1501
one,103,1,3,43,24,70,9,96,183,12,34,27,7,2,23,18,44,85,3,42,12,130,92,26,669,1,4,41,60,27,696,103,93,275,44,6,65,34,1583,207,150,53,128,359,1341,277,505,471,464,228,55,338,373,12,4,69,220,822,374,121,647,288,261,37,351,1477,7,175,1212,455,485,159,243,242,244,2430,858,3380,138,122,7,109,330,44,52,906,2749,165,309,1746,143,144,51,472,83,206,159,357,526,165
the,2642,192,246,1437,725,2215,241,1240,3154,752,908,936,171,190,891,433,1641,2016,375,1301,162,3064,2537,312,14614,183,145,804,1716,416,15052,2103,2425,7400,1694,307,2204,591,31239,4266,3293,1549,1864,6647,28676,5760,9589,9722,6307,3465,1297,4068,8455,370,109,1926,3949,16767,7292,1819,11989,5375,4180,794,6086,31028,572,2484,17823,6621,8518,2999,4044,4832,3686,37734,19036,2749,1813,2990,301,1926,7532,1399,1056,16050,70110,2927,4804,36959,1917,2984,1305,5683,1746,3207,2632,8004,10541,2826
