word1_word2,A,Abbas,After,Arab,Bank,Conflict,Day,EU,East,France,French,From,Gaza,Greek,Hamas,How,In,Is,Israel,IsraelPalestine,Israeli,IsraeliPalestinian,Israels,Jerusalem,Jewish,Latest,Middle,Netanyahu,New,Of,On,Palestine,Palestines,Palestinian,Palestinians,Peace,Police,President,Report,Sanders,Solidarity,State,Students,Sushma,Swaraj,Syria,Texas,The,This,To,Today,Trump,UK,UN,US,Week,West,Why,With,World,a,about,after,against,and,arrested,as,at,be,by,calls,children,conflict,de,flooding,for,from,in,into,is,killed,la,leader,man,new,not,of,on,over,peace,rights,says,state,support,talks,team,th,the,to,up,visit,will,with
killed,0,0,0,0,2,0,0,0,19,0,0,0,3,0,0,1,0,0,9,0,12,0,0,0,1,4,0,0,0,0,0,37,0,25,14,0,16,0,0,1,0,0,0,0,0,2,35,5,0,0,0,0,0,2,12,0,2,1,0,0,4,1,5,0,6,0,7,2,1,21,1,10,0,0,41,5,1,107,0,2,171,0,1,3,2,0,18,9,0,0,0,7,0,0,0,0,1,12,12,2,0,0,5
On,77,0,6,0,3,1,17,3,2,1,2,12,0,1,0,17,72,75,11,3,3,1,0,0,0,5,4,0,27,60,971,27,0,7,1,1,2,53,11,17,1,14,2,1,1,1,0,161,6,148,1,26,7,3,46,1,4,16,55,6,11,1,1,0,33,0,6,0,2,1,0,0,0,0,0,13,1,19,0,7,0,0,0,0,2,0,24,14,0,0,0,4,1,1,0,0,4,42,39,1,2,0,9
for,157,14,45,12,50,3,38,96,18,17,19,28,19,10,12,65,40,203,176,28,58,9,10,8,11,23,10,21,225,3,13,527,20,180,38,46,5,279,35,61,5,93,39,21,12,45,15,231,54,6,5,173,208,82,494,27,35,142,71,78,1011,59,118,49,798,23,359,260,231,103,250,19,6,1,10,11091,110,1352,41,572,5,0,13,40,353,147,887,635,85,43,47,267,59,217,57,28,26,1673,2002,175,130,167,347
support,0,6,1,1,4,0,1,27,1,1,4,0,0,1,0,4,2,1,7,2,0,0,0,0,3,2,0,0,7,0,1,51,3,28,3,0,0,7,1,2,1,5,0,1,0,0,0,4,1,1,0,3,4,5,26,0,2,4,0,2,15,5,24,6,75,0,18,5,2,3,3,1,1,0,0,217,19,88,1,21,0,0,0,1,18,9,74,42,6,2,1,12,5,619,1,0,0,37,217,6,3,37,49
children,1,0,0,0,0,0,0,0,0,0,0,0,6,0,0,0,0,0,7,1,9,0,1,0,0,0,0,1,3,0,0,23,4,21,1,0,0,2,0,0,0,0,0,0,0,0,3,2,0,0,0,1,1,1,0,0,0,0,0,0,2,2,0,0,12,0,6,5,1,3,0,94,1,0,5,19,2,28,1,0,10,0,0,3,1,1,16,7,1,1,1,1,0,1,0,0,0,11,21,0,1,0,7
Greek,0,2,2,1,2,0,0,2,0,0,0,2,0,174,0,1,1,1,3,0,2,0,0,0,0,0,0,0,2,1,1,39,0,12,0,0,0,1,0,0,0,9,0,0,0,0,0,4,1,3,0,0,0,0,0,1,0,0,1,0,6,2,0,0,7,0,7,0,0,7,4,0,0,0,0,10,0,60,1,4,0,0,0,0,1,0,23,15,0,0,0,8,11,1,2,0,0,14,47,2,0,3,1
Trump,33,0,17,0,4,5,3,1,2,0,0,11,0,0,0,33,43,83,20,26,1,4,2,1,1,10,1,1,14,24,26,16,0,2,1,1,1,94,5,43,0,14,0,0,0,1,1,82,27,39,0,1698,6,1,60,2,3,20,33,21,171,47,20,22,165,0,59,86,46,41,14,1,1,0,0,173,17,167,10,112,0,0,4,6,5,65,158,228,35,5,0,100,0,3,8,2,1,239,301,25,7,36,56
Netanyahu,2,1,0,1,0,2,0,3,0,5,6,0,0,0,0,0,2,2,15,9,14,1,13,0,0,0,0,163,1,1,0,18,2,8,0,5,0,1,5,1,0,3,0,0,0,2,0,4,0,0,0,1,0,3,10,0,0,0,8,0,4,0,1,4,16,0,9,3,1,1,1,1,0,0,0,21,8,20,0,1,0,0,0,0,1,0,20,28,7,3,1,11,0,0,7,0,0,7,51,1,5,2,23
in,109,25,49,31,131,13,38,111,97,32,39,36,67,60,22,154,24,138,200,52,154,12,32,39,17,88,35,20,216,4,19,926,41,290,74,27,29,266,69,68,9,171,41,13,9,155,111,398,100,22,5,167,296,74,1058,77,86,108,92,137,888,102,138,82,829,32,477,510,227,359,76,28,36,2,64,1352,131,13914,39,476,107,1,34,39,311,154,1491,874,129,45,32,398,58,88,73,17,90,1899,3282,228,156,296,474
With,47,1,18,3,5,4,11,5,0,4,0,23,0,1,0,11,54,69,21,1,3,0,2,0,0,6,1,8,75,40,55,34,1,10,4,14,0,89,4,16,2,12,7,0,0,5,1,83,17,88,5,33,6,4,60,7,2,15,1364,10,65,0,0,0,64,0,24,39,0,13,0,0,0,2,0,71,3,92,4,8,0,0,0,0,8,0,84,97,0,0,0,0,0,0,0,2,3,77,231,1,1,2,4
Palestines,4,13,0,11,2,5,3,0,6,0,0,0,1,0,1,6,2,2,11,0,2,0,1,2,0,0,1,2,5,1,0,0,191,2,2,1,0,3,1,0,0,4,1,0,0,1,1,11,1,0,0,0,0,2,2,0,3,0,1,1,10,2,0,1,13,0,4,8,3,1,1,4,1,0,0,20,0,41,0,10,0,0,0,1,3,1,33,12,1,2,0,2,1,3,1,6,3,16,33,0,1,3,3
is,58,5,10,5,18,0,10,25,3,3,7,8,1,4,8,110,15,8,41,6,21,1,5,1,3,15,12,1,29,2,7,83,10,47,4,4,0,82,12,37,0,19,0,0,0,20,4,345,149,9,5,112,68,2,209,11,7,208,8,14,771,107,42,20,371,0,106,126,57,67,3,0,6,0,1,572,57,476,37,4222,2,0,14,9,138,216,524,426,69,8,6,280,21,21,1,2,14,1167,897,69,16,30,164
How,22,0,4,0,5,3,5,5,0,0,2,19,1,1,1,1516,26,117,18,2,10,2,5,1,2,2,1,0,23,10,17,27,6,19,2,1,0,36,4,7,0,9,1,0,0,4,1,110,17,48,1,33,11,0,60,5,4,5,11,19,150,14,3,1,146,0,13,12,8,18,0,0,0,0,0,65,42,154,11,110,1,0,0,2,20,5,114,94,8,3,0,1,3,4,1,0,0,576,400,21,3,52,37
talks,2,0,0,0,0,0,1,17,3,12,6,1,1,2,1,1,1,0,23,9,1,3,2,0,0,1,3,7,1,0,0,34,1,8,4,1,0,8,0,3,0,2,0,3,4,8,1,2,0,0,0,8,3,6,17,0,0,3,0,9,11,33,4,2,47,0,18,20,1,6,12,0,1,0,0,57,3,73,1,1,0,0,0,0,5,1,47,61,10,22,0,5,8,1,344,1,1,36,96,9,4,6,55
IsraeliPalestinian,2,0,0,0,0,14,0,2,0,8,0,1,0,0,0,2,0,3,4,0,0,86,0,0,1,1,0,1,0,1,1,1,0,0,0,12,0,3,0,3,0,0,1,0,0,1,0,5,3,1,0,4,0,8,1,0,0,4,0,0,3,2,0,0,1,0,0,4,1,1,0,0,12,0,0,9,0,12,1,1,0,0,0,0,1,0,9,8,1,16,1,0,0,0,3,0,0,14,22,0,0,2,1
Latest,5,0,6,0,0,1,0,2,2,3,0,3,0,0,0,2,7,15,10,0,1,1,0,0,0,308,1,0,2,5,5,21,0,1,0,1,1,9,1,1,0,2,0,0,0,1,14,165,2,4,0,10,1,0,12,0,0,0,6,1,17,4,13,0,12,0,1,20,1,2,2,0,0,0,16,23,1,88,0,15,4,0,1,0,4,0,30,23,2,0,0,6,0,2,1,0,11,12,42,7,0,0,10
Israels,1,1,2,1,3,0,0,1,0,0,4,1,3,0,0,5,5,9,1,0,0,0,163,0,0,0,0,13,1,5,0,40,1,21,7,1,0,2,3,1,0,1,0,0,0,1,0,10,0,1,0,2,1,8,2,0,3,2,2,1,8,3,1,8,14,0,4,9,2,2,0,1,0,2,0,10,0,32,3,5,0,0,0,0,2,2,51,21,4,5,2,1,0,0,2,0,0,11,30,2,1,1,7
flooding,0,0,0,0,0,0,0,0,18,0,0,0,0,0,0,0,0,0,0,0,0,0,0,0,0,16,0,0,0,0,0,32,0,0,0,0,18,0,0,0,0,0,0,0,0,0,42,13,0,0,0,0,2,0,0,0,3,1,0,0,1,0,15,0,4,0,1,1,0,8,3,5,0,0,98,10,0,64,0,1,41,0,0,0,0,0,9,2,0,0,0,0,0,0,0,0,11,3,10,0,0,0,2
arrested,1,0,0,0,0,0,0,0,3,0,0,0,0,0,0,0,0,0,3,0,0,0,0,0,1,0,0,0,3,0,0,40,0,4,0,0,1,2,0,0,0,0,0,0,0,0,1,0,0,0,0,0,0,0,0,0,0,0,0,0,1,1,21,1,1,72,2,2,0,1,0,0,0,0,0,23,1,32,0,0,0,0,0,25,0,0,4,4,6,0,1,0,0,0,0,0,0,3,16,0,0,0,4
UN,1,4,0,0,6,2,9,0,3,1,0,3,4,0,1,0,8,2,41,10,21,8,8,1,0,0,4,3,19,4,3,115,2,50,10,3,0,3,14,0,10,3,1,0,0,13,0,8,0,10,0,1,1,369,13,0,6,0,4,8,2,1,2,4,17,0,9,29,19,10,18,1,4,0,0,82,8,74,3,2,2,0,1,1,2,6,81,47,13,7,26,3,4,5,6,0,0,20,143,4,0,0,14
This,13,1,2,0,2,1,9,2,1,2,2,8,0,1,0,17,23,104,1,0,2,3,0,1,2,2,1,0,12,8,6,48,1,9,1,0,0,27,2,1,0,8,0,0,0,1,0,43,677,26,0,27,0,0,30,94,1,22,17,3,72,10,0,1,46,0,8,16,19,5,0,0,1,0,0,54,10,100,8,149,0,0,0,0,7,35,60,57,1,1,0,6,1,1,0,0,16,167,133,4,0,12,9
After,15,5,570,0,2,0,6,4,0,1,5,2,1,2,0,4,14,17,7,1,3,0,2,0,1,6,0,0,11,14,6,38,0,10,0,5,1,33,3,10,1,2,2,1,0,2,1,25,2,15,0,17,4,0,26,2,3,3,18,6,25,2,0,1,24,0,5,11,3,7,0,0,0,0,0,45,2,49,0,10,0,0,0,0,2,0,43,35,0,0,0,1,0,1,0,1,1,29,84,0,6,5,8
In,91,2,14,1,14,5,5,10,2,3,0,13,5,1,0,26,1395,75,15,10,5,0,5,6,2,7,3,2,49,102,72,59,2,23,0,7,1,61,12,18,1,27,3,6,5,18,3,213,23,205,2,43,20,8,83,10,7,15,54,16,52,6,2,3,45,0,9,10,8,3,10,0,2,0,0,40,5,24,2,15,0,0,1,0,5,1,76,42,5,0,2,4,1,2,1,1,3,90,97,4,0,5,15
state,5,4,0,0,0,0,1,1,2,11,1,0,0,11,0,3,1,0,6,2,3,0,0,2,1,0,0,0,6,0,1,48,1,33,1,0,0,3,4,1,0,2,0,0,0,0,1,19,1,0,0,0,0,4,1,0,0,3,0,0,30,11,2,2,17,0,20,31,7,8,4,0,1,0,0,59,4,58,3,21,0,0,1,0,7,6,124,38,11,0,1,32,378,5,8,2,0,57,97,3,15,14,14
President,56,19,33,0,1,1,16,6,3,1,11,25,0,1,0,36,61,121,15,1,2,3,2,1,0,9,3,1,35,42,53,36,3,22,1,4,1,2687,8,31,1,50,1,1,1,7,5,143,27,98,1,94,8,3,104,3,4,46,89,10,177,23,33,18,162,2,61,113,22,43,32,2,0,0,0,279,51,266,8,82,0,0,2,10,22,26,311,291,16,2,1,36,3,7,8,8,13,350,664,15,56,35,103
Syria,0,1,2,1,0,0,0,0,1,1,0,6,1,0,0,4,18,7,2,7,0,1,1,0,0,1,2,2,5,1,1,21,1,9,3,5,0,7,1,0,0,20,1,0,0,434,0,9,1,7,0,1,3,13,48,2,0,7,5,3,19,8,5,12,47,0,20,17,13,2,12,0,6,0,0,45,23,155,1,20,2,0,0,0,5,13,55,74,8,8,0,30,0,0,8,0,0,34,151,12,0,10,12
Solidarity,1,0,1,0,2,0,18,0,0,0,0,1,0,0,0,0,1,2,2,0,4,0,0,0,0,0,0,0,0,0,1,34,0,17,0,1,0,1,0,0,62,1,2,0,0,0,3,3,0,2,1,0,1,10,2,1,0,1,2,0,2,0,2,0,11,0,0,3,0,1,1,0,0,0,0,5,1,9,0,0,0,0,0,0,0,1,22,7,0,0,0,0,0,1,0,0,1,13,13,2,0,0,18
conflict,1,0,0,2,0,0,0,0,1,5,0,0,0,0,0,0,2,3,11,44,2,12,0,2,0,0,1,0,1,0,0,25,1,5,1,0,0,0,0,5,0,1,2,0,0,6,0,4,1,0,0,1,2,4,6,0,0,1,0,0,14,2,1,0,9,0,1,6,2,0,0,1,113,0,0,6,1,36,3,6,0,0,0,0,2,4,23,12,2,2,0,6,1,1,1,0,0,26,25,0,1,1,3
up,3,0,0,4,4,0,1,5,9,2,9,0,2,2,0,21,4,5,10,0,6,0,2,0,0,7,0,1,12,0,1,26,0,10,2,0,0,15,6,6,2,10,0,0,0,12,9,21,4,2,0,25,26,4,86,1,1,11,1,6,73,15,20,18,123,0,102,24,15,41,4,0,0,0,0,175,33,228,4,69,2,0,4,1,50,22,98,168,18,1,2,39,3,6,9,61,4,153,579,1383,13,29,102
Why,30,2,3,0,4,2,1,4,1,1,1,8,0,0,3,5,15,171,15,3,2,4,2,1,3,0,2,0,11,12,16,22,0,13,2,2,0,46,6,13,1,7,0,0,0,7,0,88,22,29,5,20,3,0,64,1,2,1238,15,5,154,31,4,5,85,0,8,18,46,5,2,0,1,0,1,142,9,108,7,208,1,0,1,0,7,23,114,85,10,2,0,5,3,4,3,1,1,406,189,11,10,30,29
East,3,0,0,0,1,0,2,5,307,2,1,0,0,0,1,0,2,3,6,0,7,0,0,9,1,2,115,0,7,1,2,103,6,11,0,5,2,3,0,2,0,6,0,0,0,1,55,16,1,3,0,2,0,3,3,0,0,1,0,3,12,3,1,1,13,3,11,7,4,8,1,0,1,0,18,18,3,97,3,3,19,0,0,3,4,3,45,25,2,8,0,4,2,1,3,0,5,47,57,9,0,10,17
US,55,2,26,2,21,0,5,18,3,12,4,27,0,0,1,60,83,129,40,10,8,1,2,2,3,12,4,10,40,30,46,52,2,27,1,7,1,104,30,8,2,67,3,0,0,48,9,246,30,64,3,60,25,13,4467,13,4,64,60,22,271,73,73,49,229,0,239,210,71,72,14,0,6,0,0,494,61,1058,22,209,12,0,8,1,37,72,548,473,106,9,16,198,1,26,17,0,35,697,1101,86,91,94,136
Palestinian,26,28,10,19,41,1,18,9,11,16,12,11,32,12,14,19,23,14,208,4,199,0,21,26,13,1,3,8,18,11,7,48,2,1592,1,7,5,22,7,4,17,23,4,8,5,9,1,68,9,19,1,2,13,50,27,3,31,13,10,16,81,9,37,13,98,4,28,53,18,70,12,21,5,2,0,180,58,290,20,47,25,0,15,11,21,8,293,94,32,13,20,19,33,28,8,5,5,152,369,10,7,12,69
Hamas,0,1,0,0,1,0,0,0,1,1,2,0,12,0,78,1,0,3,4,2,3,0,0,0,0,0,1,0,1,0,0,15,1,14,2,2,0,0,1,0,0,3,0,0,0,0,0,4,0,0,0,0,0,1,1,0,1,3,0,0,6,0,2,3,4,0,2,2,0,3,1,0,0,0,0,12,0,22,0,8,0,0,5,0,1,3,14,1,0,2,0,8,0,0,1,0,0,6,22,0,0,2,6
Texas,0,0,1,0,2,0,0,0,55,0,0,0,0,0,0,1,3,1,0,0,3,0,0,0,0,14,0,0,1,2,0,21,1,1,0,0,7,5,2,0,3,5,0,0,0,0,294,19,0,11,0,1,0,0,9,0,0,0,1,0,5,1,27,1,3,1,6,11,2,11,3,3,0,0,42,15,4,111,0,4,35,0,1,7,0,3,37,18,4,0,2,4,1,0,1,1,22,17,58,9,1,3,17
Israeli,5,8,3,4,24,0,3,4,7,0,6,2,32,2,3,10,5,3,4,0,649,0,0,19,4,1,0,14,7,4,3,141,2,199,50,3,4,2,4,1,4,4,5,5,5,0,3,11,2,10,4,1,8,21,8,6,29,2,3,1,12,11,13,8,44,0,17,36,9,22,14,9,2,0,0,58,31,154,3,21,12,0,4,7,5,1,99,65,15,8,5,13,3,0,1,1,3,37,111,6,1,4,31
Swaraj,0,1,0,0,0,0,1,0,0,0,0,2,0,0,0,0,5,0,38,0,5,0,0,0,0,0,0,0,0,0,1,51,0,5,0,0,0,1,0,0,0,0,0,61,68,0,0,0,0,4,0,0,0,0,0,0,0,0,0,0,0,0,0,0,2,0,0,1,0,0,5,0,0,0,0,12,5,9,0,0,0,0,0,0,0,0,2,11,0,0,0,0,0,0,4,0,0,0,31,0,26,0,3
A,1485,2,15,0,6,6,10,4,3,2,1,17,4,0,0,22,91,118,15,13,5,2,1,1,1,5,2,2,98,94,77,92,4,26,2,2,2,56,5,13,1,17,0,0,0,0,0,172,13,136,1,33,8,1,55,0,2,30,47,7,49,10,5,2,87,1,6,50,13,13,0,1,1,0,0,157,19,109,7,58,0,0,0,2,38,5,156,71,12,4,0,10,5,0,2,3,2,200,165,3,5,14,28
a,49,13,25,3,19,4,19,27,12,12,6,30,6,6,6,150,52,252,50,22,12,3,8,2,6,17,10,4,114,3,11,136,10,81,11,11,2,177,17,42,2,49,3,0,0,19,5,287,72,9,7,171,62,2,271,11,9,154,65,26,5874,86,61,17,543,1,251,243,206,108,32,2,14,4,1,1011,142,888,87,771,4,2,15,15,274,166,913,524,56,14,5,159,30,15,11,12,5,1003,1347,73,52,147,346
calls,0,4,0,3,0,0,3,11,1,2,2,0,3,4,1,0,10,1,13,1,14,0,0,0,2,2,1,1,3,0,0,55,1,12,2,1,1,32,1,3,1,10,0,5,5,12,3,6,0,0,0,14,2,18,14,0,0,2,0,0,32,4,20,9,28,0,31,12,7,3,543,0,0,0,3,250,4,76,4,3,1,0,21,2,14,3,91,141,8,4,6,4,4,3,12,5,0,30,214,4,8,1,20
la,0,0,0,0,0,0,0,0,0,2,0,0,1,0,0,0,0,0,0,0,0,0,0,0,0,0,0,0,0,0,0,44,0,0,0,0,0,0,0,0,0,0,0,0,0,0,0,0,0,0,0,0,0,0,0,0,0,0,0,0,2,0,0,0,0,0,0,1,0,1,0,0,0,36,0,0,0,1,0,0,0,67,0,0,0,0,0,0,0,0,0,0,0,0,0,0,0,0,2,0,1,0,0
as,6,4,5,4,27,1,10,28,11,21,14,10,4,7,2,13,9,30,36,3,17,0,4,7,1,1,8,9,50,0,6,68,4,28,9,1,2,61,11,15,0,18,2,0,0,20,6,46,8,4,2,59,100,9,239,13,8,8,24,17,251,31,14,7,138,2,3537,82,42,47,31,6,1,0,1,359,24,477,14,106,7,0,24,8,80,45,388,282,62,0,5,69,20,18,18,5,6,282,664,102,31,36,64
man,2,0,0,0,1,0,0,1,3,0,0,0,0,0,0,2,0,0,3,0,7,0,0,1,0,0,0,0,8,0,0,48,1,11,3,0,0,10,0,0,0,1,0,0,0,0,7,12,0,0,0,6,0,1,1,0,1,0,0,0,15,4,12,4,10,25,8,6,4,7,2,3,0,0,0,40,4,39,0,9,3,0,0,174,2,0,33,15,2,1,0,2,0,1,0,0,0,20,59,1,1,1,12
Of,94,2,14,3,10,5,6,2,1,1,1,9,0,1,0,10,102,69,7,3,4,1,5,1,1,5,2,1,23,791,60,30,1,11,1,4,2,42,5,7,0,62,3,0,0,1,2,297,8,134,2,24,6,4,30,1,0,12,40,12,3,0,0,0,6,0,0,1,1,0,0,0,0,0,0,3,1,4,0,2,0,0,0,0,0,0,0,4,0,0,0,0,0,0,0,0,0,10,4,0,0,0,0
leader,0,2,0,0,0,0,0,2,0,0,1,1,0,0,5,0,1,0,6,0,4,0,0,2,3,1,1,0,2,0,0,27,0,15,0,0,0,2,1,0,0,5,0,0,0,0,1,2,0,0,0,4,5,1,8,0,2,1,0,0,15,2,1,4,9,0,24,5,6,1,21,0,0,0,0,13,1,34,1,14,1,0,180,0,16,4,15,30,3,1,1,8,1,0,0,0,3,18,66,4,5,11,13
Students,0,0,2,0,0,0,1,1,0,0,0,2,0,0,0,1,3,6,4,1,5,1,0,1,1,0,0,0,1,3,2,33,1,4,0,0,0,1,0,0,2,2,121,0,0,1,0,4,0,7,0,0,2,1,3,0,0,0,7,1,3,1,3,0,4,0,2,8,0,3,0,0,2,0,0,39,1,41,0,0,0,0,0,0,0,0,20,6,0,0,0,0,0,0,0,0,0,11,28,0,1,0,3
de,0,1,0,0,0,0,0,0,0,1,2,0,3,0,0,0,0,2,0,0,0,0,2,0,0,0,0,0,0,0,0,45,0,2,0,0,0,0,0,0,0,0,0,0,0,0,0,2,0,0,0,0,0,0,0,0,0,0,2,1,4,0,0,1,3,0,0,6,0,5,0,0,0,99,0,1,0,2,1,0,0,36,0,0,0,2,1,1,0,0,0,1,0,0,0,0,0,0,7,0,0,1,1
Peace,2,0,5,2,0,3,0,2,5,13,2,3,0,0,2,1,7,7,23,24,3,12,1,0,1,1,5,5,6,4,1,40,1,7,1,179,0,4,0,4,1,1,0,0,0,5,0,3,0,7,0,1,0,3,7,0,0,2,14,1,11,0,1,11,16,0,1,5,1,2,1,0,0,0,0,46,2,27,0,4,0,0,0,0,1,1,17,23,1,1,0,1,0,0,1,0,0,6,37,0,2,1,4
Day,10,0,6,1,0,0,333,0,2,1,0,4,0,0,0,5,5,11,5,0,3,0,0,1,2,0,1,0,5,6,17,29,3,18,1,0,0,16,1,0,18,2,1,1,1,0,0,16,9,5,1,3,1,9,5,0,0,1,11,9,19,1,1,0,21,0,10,27,4,5,3,0,0,0,0,38,3,38,1,10,0,0,0,0,4,2,58,65,0,0,1,1,1,1,1,0,18,63,56,1,2,1,35
to,165,53,84,20,181,14,56,227,57,57,54,164,32,47,22,400,97,292,331,60,111,22,30,19,23,42,27,51,311,4,39,891,33,369,48,37,12,664,94,119,13,272,28,39,31,151,58,436,133,34,11,301,331,143,1101,61,43,189,231,150,1347,281,241,141,1452,16,664,692,613,423,214,21,25,7,10,2002,448,3282,146,897,12,2,66,59,518,330,1945,2296,209,86,61,621,97,217,96,81,55,2502,23198,579,542,327,1010
Today,1,0,0,0,0,0,1,0,0,0,0,1,0,0,0,1,2,4,1,0,4,0,0,1,0,0,0,0,2,2,1,100,0,1,0,0,0,1,0,0,1,0,0,0,0,0,0,4,0,4,154,0,0,0,3,0,0,5,5,0,7,0,1,0,10,0,2,1,2,1,0,0,0,0,0,5,0,5,0,5,0,0,0,0,0,0,4,2,0,0,0,0,0,0,0,0,1,7,11,0,0,0,1
Israel,15,5,7,6,37,3,5,12,6,17,9,8,24,3,4,18,15,11,1108,2,4,4,1,20,8,10,4,15,9,7,11,432,11,208,56,23,0,15,5,15,2,9,4,43,38,2,0,44,1,25,1,20,3,41,40,3,35,15,21,13,50,10,16,15,181,3,36,22,11,38,13,7,11,0,0,176,47,200,4,41,9,0,6,3,7,18,165,115,39,35,5,22,6,7,23,2,3,71,331,10,56,19,62
Police,2,0,1,0,0,0,0,0,2,0,0,0,0,0,0,0,1,3,0,0,4,0,0,2,0,1,0,0,0,2,2,37,0,5,0,0,102,1,1,0,0,0,0,0,0,0,7,2,0,1,0,1,0,0,1,0,1,0,0,0,2,0,4,0,4,1,2,5,1,8,1,0,0,0,18,5,2,29,0,0,16,0,0,0,0,0,9,8,4,0,0,0,0,0,0,0,0,1,12,0,2,0,2
at,50,10,11,0,21,2,27,10,7,1,17,12,5,0,2,12,10,23,22,14,36,4,9,3,2,20,0,3,43,1,0,130,8,53,17,5,5,113,24,33,3,54,8,6,1,17,11,84,16,13,1,86,38,29,210,16,11,18,39,20,243,28,35,11,244,2,82,3154,52,50,12,5,6,6,1,260,32,510,6,126,2,1,5,6,40,32,402,207,56,3,6,68,31,5,20,10,15,400,692,24,14,42,116
th,2,0,1,0,0,0,18,0,5,3,0,1,0,0,0,0,3,1,3,0,3,0,0,0,0,11,1,0,4,0,4,37,3,5,2,0,0,13,3,0,1,3,0,0,0,0,22,20,16,1,1,1,1,0,35,15,1,1,3,2,5,3,28,1,11,0,6,15,1,9,0,0,0,0,11,26,3,90,0,14,1,0,3,0,1,2,29,50,0,0,0,0,0,0,1,0,280,37,55,4,1,3,7
The,172,10,25,12,11,13,16,25,16,7,8,52,6,4,4,110,213,357,44,13,11,5,10,3,6,165,19,4,96,297,161,166,11,68,6,3,2,143,19,21,3,76,4,0,0,9,19,4421,43,279,4,82,50,8,246,15,10,88,83,56,287,51,28,9,425,0,46,84,47,54,6,2,4,2,13,231,49,398,10,345,5,0,2,12,53,46,700,222,22,5,4,28,19,4,2,3,20,768,436,21,4,34,72
Palestine,92,44,38,16,39,6,29,31,103,39,26,31,29,39,15,27,59,34,432,2,141,1,40,16,20,21,15,18,134,30,27,3820,0,48,23,40,37,36,12,28,34,70,33,64,51,21,21,166,48,41,100,16,24,115,52,48,32,22,34,36,136,30,68,35,313,40,68,130,42,78,55,23,25,45,32,527,70,926,35,83,37,44,27,48,33,41,595,309,74,73,26,39,48,51,34,41,37,285,891,26,71,54,176
over,12,1,0,2,14,0,0,20,2,3,4,0,4,0,0,8,5,2,39,9,15,1,4,1,3,2,2,7,8,0,0,74,1,32,5,1,4,16,2,10,0,4,0,0,0,8,4,22,1,1,0,35,19,13,106,1,5,10,0,7,56,10,10,25,81,6,62,56,22,24,8,1,2,0,0,85,13,129,15,69,0,0,3,2,25,11,106,98,1333,2,5,51,11,6,10,2,0,125,209,18,14,20,47
Palestinians,2,5,0,3,22,0,1,2,0,0,3,0,6,0,2,2,0,3,56,0,50,0,7,8,0,0,0,0,1,1,1,23,2,1,264,1,0,1,0,1,0,1,0,0,0,3,0,6,1,2,0,1,1,10,1,0,27,2,4,3,11,0,4,3,18,0,9,17,0,12,2,1,1,0,0,38,9,74,1,4,14,0,0,3,5,7,52,17,5,4,0,3,1,3,4,0,2,19,48,2,0,5,7
on,71,11,35,9,76,8,65,99,25,20,26,24,16,15,1,94,42,137,115,51,65,8,21,2,12,23,15,28,134,4,14,309,12,94,17,23,8,291,49,81,7,102,6,12,11,74,18,222,57,19,2,228,136,47,473,13,17,85,97,56,524,63,85,38,772,4,282,207,130,103,141,7,12,1,2,635,105,874,25,426,9,0,30,15,202,138,860,9452,98,24,41,235,38,42,61,18,50,1356,2296,168,86,182,389
Is,118,2,17,1,4,7,11,6,3,0,3,26,0,1,3,117,75,2184,11,11,3,3,9,1,1,15,8,2,59,69,75,34,2,14,3,7,3,121,8,35,2,14,6,0,0,7,1,357,104,114,4,83,8,2,129,7,6,171,69,20,252,7,0,1,100,0,30,23,2,10,1,0,3,2,0,203,14,138,8,8,0,0,0,0,14,1,144,137,2,5,1,1,0,1,0,0,1,530,292,5,0,0,26
after,5,9,0,0,2,0,1,10,1,2,1,0,4,0,2,3,2,0,16,0,13,0,1,3,1,13,0,1,12,0,1,68,0,37,4,1,4,33,3,8,2,7,3,0,0,5,27,28,0,0,1,20,29,2,73,0,5,4,0,1,61,17,1054,12,43,21,14,35,27,10,20,0,1,0,15,118,22,138,2,42,5,0,1,12,15,15,96,85,10,1,2,43,2,24,4,3,28,85,241,20,36,40,41
Gaza,4,1,1,0,11,0,0,2,0,0,0,1,167,0,12,1,5,0,24,0,32,0,3,2,1,0,0,0,3,0,0,29,1,32,6,0,0,0,0,0,0,2,0,0,0,1,0,6,0,1,0,0,0,4,0,0,11,0,0,0,6,1,4,0,6,0,4,5,1,6,3,6,0,3,0,19,8,67,2,1,3,1,0,0,1,1,29,16,4,0,0,2,0,0,1,0,0,7,32,2,0,1,9
UK,8,0,4,0,22,0,1,90,0,8,7,9,0,0,0,11,20,8,3,0,8,0,1,0,0,1,0,0,6,6,7,24,0,13,1,0,0,8,4,1,1,0,2,0,0,3,0,50,0,9,0,6,1268,1,25,1,1,3,6,4,62,18,29,5,111,0,100,38,39,52,2,1,2,0,2,208,23,296,24,68,0,0,5,0,9,13,151,136,19,0,1,83,0,4,3,0,1,232,331,26,16,37,56
peace,4,2,0,3,1,0,0,5,8,21,23,1,0,0,2,3,0,5,35,19,8,16,5,0,0,0,8,3,0,0,0,73,2,13,4,1,0,2,1,2,0,1,0,0,0,8,0,5,1,0,0,5,0,7,9,0,3,2,0,2,14,3,1,0,32,0,0,3,2,2,4,1,2,0,0,43,5,45,0,8,0,0,1,1,2,9,20,24,2,225,0,15,0,2,22,0,0,19,86,1,6,10,24
by,13,6,7,4,22,2,5,29,8,6,11,6,6,7,3,18,3,10,38,5,22,1,2,4,10,2,7,1,34,0,1,78,1,70,12,2,8,43,17,7,1,6,3,0,0,2,11,54,5,2,1,41,52,10,72,2,6,5,13,21,108,11,10,5,97,1,47,50,63,1918,3,3,0,5,8,103,12,359,16,67,21,1,1,7,34,35,223,103,24,2,8,47,8,3,6,4,9,183,423,41,16,36,29
visit,5,2,6,0,2,0,2,4,0,0,2,1,0,0,0,3,0,0,56,1,1,0,1,0,0,0,0,5,6,0,2,71,1,7,0,2,2,56,2,2,0,7,1,33,26,0,1,4,0,0,0,7,16,0,91,0,2,10,1,6,52,9,36,2,34,0,31,14,11,16,8,1,1,0,0,130,19,156,4,16,0,1,5,1,11,17,100,86,14,6,3,35,15,3,4,2,1,34,542,13,854,30,45
Sushma,0,1,1,0,1,0,1,0,0,0,0,2,0,0,0,0,6,0,43,0,5,0,0,0,0,0,0,0,0,0,1,64,0,8,0,0,0,1,0,0,0,0,0,88,61,0,0,0,0,4,0,0,0,0,0,0,1,0,0,0,0,0,0,0,2,0,0,6,1,0,5,0,0,0,0,21,5,13,0,0,0,0,0,0,0,0,1,12,0,0,0,0,0,1,3,0,0,0,39,0,33,1,6
new,38,3,2,0,10,0,4,12,4,0,1,0,1,1,1,20,5,14,7,5,5,1,2,1,1,4,1,1,9,0,2,33,3,21,5,1,0,22,2,6,0,4,0,0,0,5,0,53,7,0,0,5,9,2,37,0,5,7,8,6,274,22,15,15,213,0,80,40,47,34,14,1,2,0,0,353,48,311,36,138,2,0,16,2,2041,22,216,202,25,2,4,64,7,18,5,14,1,265,518,50,11,78,230
will,14,9,5,0,26,0,1,26,10,12,2,0,1,3,2,52,5,0,19,0,4,2,1,4,0,0,2,2,17,0,0,54,3,12,5,1,0,35,7,6,0,32,0,1,0,10,3,34,12,0,0,36,37,0,94,1,2,30,2,6,147,11,40,16,152,0,36,42,274,36,1,0,1,1,0,167,49,296,19,30,0,0,11,1,78,143,178,182,20,10,4,193,14,37,6,2,3,347,327,29,30,1895,64
Week,0,0,2,0,1,0,0,1,0,0,0,0,0,1,0,5,10,7,3,0,6,0,0,1,0,0,0,0,3,1,1,48,0,3,0,0,0,3,10,0,1,0,0,0,0,2,0,15,94,6,0,2,1,0,13,255,0,1,7,2,11,0,0,1,14,0,13,16,0,2,0,0,0,0,0,27,1,77,0,11,0,0,0,0,0,1,30,13,1,0,0,0,0,0,0,0,15,54,61,1,0,1,3
says,10,9,1,0,41,1,1,59,4,11,14,1,2,8,8,1,4,1,22,4,13,0,1,2,4,6,3,11,10,0,4,39,2,19,3,1,0,36,8,13,0,24,0,0,0,30,4,28,6,0,0,100,83,3,198,0,4,5,0,17,159,56,43,28,115,0,69,68,147,47,4,1,6,1,0,267,56,398,13,280,7,0,8,2,64,144,257,235,51,15,9,2616,32,12,5,5,0,225,621,39,35,193,75
not,5,0,0,0,7,0,2,22,3,6,7,0,1,0,3,5,1,1,18,3,1,0,2,0,0,0,0,0,4,0,0,41,1,8,7,1,0,26,3,5,1,12,0,0,0,13,3,46,35,2,0,65,13,6,72,1,2,23,0,4,166,35,15,14,66,0,45,32,95,35,3,1,4,2,0,147,16,154,9,216,0,0,4,0,22,1304,132,138,11,9,2,144,6,9,1,2,2,216,330,22,17,143,42
with,28,4,8,1,11,2,35,16,17,19,10,2,9,1,6,37,15,26,62,6,31,1,7,3,1,10,6,23,38,0,9,176,3,69,7,4,2,103,8,30,18,30,3,6,3,12,17,72,9,3,1,56,56,14,136,3,5,29,4,16,346,45,41,19,329,4,64,116,57,29,20,7,3,1,2,347,40,474,59,164,5,0,13,12,230,42,336,389,47,24,14,75,14,49,55,21,7,415,1010,102,45,64,4012
from,19,1,2,0,15,1,3,36,3,4,4,2,8,0,0,42,5,14,47,0,31,0,0,2,0,1,3,8,12,1,1,70,0,58,9,2,2,51,2,11,1,11,1,5,5,23,4,49,10,0,0,17,23,8,61,1,12,9,3,9,142,13,22,2,110,1,24,32,30,12,4,2,1,0,0,110,1617,131,9,57,1,0,1,4,48,16,130,105,13,5,3,56,4,19,3,2,3,251,448,33,19,49,40
team,3,0,1,0,0,0,0,0,0,0,0,0,0,0,0,0,1,0,2,0,1,0,0,0,0,0,0,0,1,0,0,41,6,5,0,0,0,8,0,4,0,1,0,0,0,0,1,3,0,0,0,2,0,0,0,0,0,1,2,1,12,1,3,5,32,0,5,10,2,4,5,0,0,0,0,28,2,17,0,2,0,0,0,0,14,2,14,18,2,0,2,5,2,0,1,200,0,13,81,61,2,2,21
To,136,0,15,0,5,3,5,17,3,7,2,49,1,3,0,48,205,114,25,1,10,1,1,2,0,4,5,0,65,134,148,41,0,19,2,7,1,98,17,13,2,28,7,4,4,7,11,279,26,1892,4,39,9,10,64,6,2,29,88,10,9,0,0,0,21,0,4,13,2,2,0,0,0,0,0,6,0,22,0,9,0,0,0,0,0,2,26,19,1,0,0,0,0,1,0,0,1,43,34,2,0,0,3
EU,4,1,4,0,13,2,0,713,5,2,6,13,2,2,0,5,10,6,12,11,4,2,1,0,0,2,3,3,4,2,3,31,0,9,2,2,0,6,3,0,0,0,1,0,0,0,0,25,2,17,0,1,90,0,18,1,0,4,5,4,27,11,10,13,64,0,28,10,46,29,11,0,0,0,0,96,36,111,7,25,0,0,2,1,12,22,87,99,20,5,0,59,1,27,17,0,0,96,227,5,4,26,16
Sanders,13,0,10,0,2,1,0,0,2,0,0,5,0,0,0,7,18,35,15,6,1,3,1,0,0,1,2,1,4,7,17,28,0,4,1,4,0,31,1,557,0,0,0,0,0,0,0,21,1,13,0,43,1,0,8,0,2,13,16,0,42,10,8,4,81,0,15,33,2,7,3,0,5,0,0,61,11,68,3,37,1,0,0,0,6,5,50,81,10,2,1,13,1,2,3,4,0,75,119,6,2,6,30
Report,5,0,3,0,0,0,1,3,0,0,0,5,0,0,1,4,12,8,5,2,4,0,3,1,2,1,1,5,9,5,11,12,1,7,0,0,1,8,465,1,0,6,0,0,0,1,2,19,2,17,0,5,4,14,30,10,0,6,4,1,17,4,3,3,32,0,11,24,5,17,1,0,0,0,0,35,2,69,3,12,0,0,1,0,2,3,59,49,2,1,0,8,4,1,0,0,3,30,94,6,2,7,8
Arab,0,0,0,94,0,5,1,0,0,0,4,0,0,1,0,0,1,1,6,2,4,0,1,1,2,0,0,1,1,3,0,16,11,19,3,2,0,0,0,0,0,3,0,0,0,1,0,12,0,0,0,0,0,0,2,0,0,0,3,4,3,1,0,0,8,0,4,0,0,4,3,0,2,0,0,12,0,31,2,5,0,0,0,0,0,0,20,9,2,3,0,0,0,1,0,0,0,14,20,4,0,0,1
be,13,3,3,0,10,0,4,46,4,1,1,0,1,0,0,8,8,2,11,6,9,1,2,1,0,1,0,1,14,1,2,42,3,18,0,1,1,22,5,2,0,18,0,1,0,13,2,47,19,2,2,46,39,19,71,0,2,46,0,9,206,34,27,12,83,0,42,52,1530,63,7,1,2,0,0,231,30,227,7,57,1,0,6,4,47,95,165,130,22,2,3,147,7,2,1,2,1,284,613,15,11,274,57
Jerusalem,1,1,0,1,5,0,1,0,9,0,0,0,2,0,0,1,6,1,20,2,19,0,0,94,4,0,0,0,2,1,0,16,2,26,8,0,2,1,1,0,0,0,1,0,0,0,0,3,1,2,1,1,0,1,2,1,6,1,0,0,2,0,3,0,5,0,7,3,1,4,0,0,2,0,0,8,2,39,0,1,0,0,2,1,1,0,15,2,1,0,0,2,2,0,0,0,0,3,19,0,0,4,3
into,7,0,0,2,2,0,1,7,3,6,2,4,2,1,0,11,2,8,4,1,3,1,3,0,1,0,2,0,9,0,0,35,0,20,1,0,0,8,3,3,0,5,0,0,0,1,0,10,8,0,0,10,24,3,22,0,1,7,4,3,87,6,2,3,40,0,14,6,7,16,4,1,3,1,0,41,9,39,779,37,0,0,1,0,36,9,63,25,15,0,0,13,3,1,1,0,0,120,146,4,4,19,59
France,2,0,1,0,5,3,1,2,2,211,3,0,0,0,1,0,3,0,17,13,0,8,0,0,0,3,2,5,4,1,1,39,0,16,0,13,0,1,0,0,0,4,0,0,0,1,0,7,2,7,0,0,8,1,12,0,0,1,4,1,12,0,2,2,20,0,21,1,1,6,2,0,5,1,0,17,4,32,6,3,0,2,0,0,0,6,22,20,3,21,0,11,11,1,12,0,3,4,57,2,0,12,19
Conflict,6,0,0,5,0,71,0,2,0,3,0,0,0,0,0,3,5,7,3,22,0,14,0,0,1,1,0,2,1,5,1,6,5,1,0,3,0,1,0,1,0,0,0,0,0,0,0,13,1,3,0,5,0,2,0,0,0,2,4,0,4,0,0,0,3,0,1,2,0,2,0,0,0,0,0,3,1,13,0,0,0,0,0,0,0,0,14,8,0,0,0,1,0,0,0,0,0,27,14,0,0,0,2
rights,0,1,0,0,1,0,1,0,0,0,0,0,0,0,0,0,2,1,5,2,5,1,2,0,0,0,0,1,15,0,0,26,0,20,0,0,0,1,0,1,0,0,0,0,0,0,2,4,0,0,0,0,1,26,16,0,1,0,0,0,5,6,2,7,10,1,5,6,3,8,6,1,0,0,0,47,3,32,0,6,0,0,1,0,4,2,15,41,5,0,206,9,1,1,0,2,0,8,61,2,3,4,14
Abbas,2,134,5,0,2,0,0,1,0,0,1,0,1,2,1,0,2,2,5,2,8,0,1,1,0,0,0,1,2,2,0,44,13,28,5,0,0,19,0,0,0,17,0,1,1,1,0,10,1,0,0,0,0,4,2,0,3,2,1,1,13,0,9,1,4,0,4,10,3,6,4,0,0,1,0,14,1,25,0,5,0,0,2,0,3,0,41,11,1,2,1,9,4,6,0,0,0,9,53,0,2,9,4
New,98,2,11,1,6,1,5,4,7,4,0,22,3,2,1,23,49,59,9,3,7,0,1,2,5,2,3,1,1661,23,27,134,5,18,1,6,0,35,9,4,0,10,1,0,0,5,1,96,12,65,2,14,6,19,40,3,7,11,75,7,114,13,12,2,105,3,50,43,14,34,3,3,1,0,0,225,12,216,9,29,0,0,2,8,9,4,140,134,8,0,15,10,6,7,1,1,4,186,311,12,6,17,38
Jewish,1,0,1,2,3,1,2,0,1,0,2,2,1,0,0,2,2,1,8,1,4,1,0,4,97,0,0,0,5,1,0,20,0,13,0,1,0,0,2,0,0,1,1,0,0,0,0,6,2,0,0,1,0,0,3,0,3,3,0,1,6,2,1,0,12,1,1,2,0,10,2,0,0,0,0,11,0,17,1,3,1,0,3,0,1,0,12,12,3,0,0,4,1,3,0,0,0,11,23,0,0,0,1
State,17,17,2,3,0,0,2,0,6,4,0,7,2,9,3,9,27,14,9,5,4,0,1,0,1,2,1,3,10,62,14,70,4,23,1,1,0,50,6,0,1,953,2,0,0,20,5,76,8,28,0,14,0,3,67,0,2,7,12,5,49,18,7,31,44,0,18,54,18,6,10,0,1,0,0,93,11,171,5,19,0,0,5,1,4,12,444,102,4,1,0,24,2,5,2,1,3,329,272,10,7,32,30
West,2,3,3,0,115,0,0,0,0,0,0,2,11,0,1,4,7,6,35,2,29,0,3,6,3,0,0,0,7,0,4,32,3,31,27,0,1,4,0,2,0,2,0,1,0,0,0,10,1,2,0,3,1,6,4,0,246,2,2,0,9,1,5,1,15,0,8,11,2,6,0,0,0,0,3,35,12,86,1,7,2,0,2,1,5,2,24,17,5,3,1,4,0,2,0,0,1,34,43,1,2,2,5
IsraelPalestine,13,2,1,2,1,22,0,11,0,13,4,2,0,0,2,2,10,11,2,283,0,0,0,2,1,0,1,9,3,3,3,2,0,4,0,24,0,1,2,6,0,5,1,0,0,7,0,13,0,1,0,26,0,10,10,0,2,3,1,1,22,3,0,0,18,0,3,14,6,5,1,1,44,0,0,28,0,52,1,6,0,0,0,0,5,3,50,51,9,19,2,4,2,2,9,0,0,48,60,0,1,0,6
about,10,0,2,1,8,0,1,11,3,0,3,2,1,2,0,14,6,7,10,3,11,2,3,0,2,4,2,0,13,0,1,30,2,9,0,0,0,23,4,10,0,18,1,0,0,8,1,51,10,0,0,47,18,1,73,0,1,31,0,2,86,1308,17,4,130,1,31,28,34,11,4,2,2,0,0,59,13,102,6,107,1,0,2,4,22,35,94,63,10,3,6,56,11,5,33,1,3,364,281,15,9,11,45
French,1,1,5,4,2,0,0,6,1,3,250,3,0,0,2,2,0,3,9,4,6,0,4,0,2,0,1,6,0,1,2,26,0,12,3,2,0,11,0,0,0,0,0,0,0,0,0,8,2,2,0,0,7,0,4,0,0,1,0,0,6,3,1,1,7,0,14,17,1,11,2,0,0,2,0,19,4,39,2,7,0,0,1,0,1,7,23,26,4,23,0,14,1,4,6,0,0,18,54,9,2,2,10
against,2,1,1,0,2,0,0,13,1,2,1,0,0,0,3,1,3,1,15,0,8,0,8,0,0,0,1,4,2,0,0,35,1,13,3,11,0,18,3,4,0,31,0,0,0,12,1,9,1,0,0,22,5,4,49,1,1,5,0,1,17,4,12,576,25,1,7,11,12,5,9,0,0,1,0,49,2,82,3,20,0,0,4,4,15,14,38,38,25,0,7,28,2,6,2,5,1,43,141,18,2,16,19
Bank,6,2,2,0,654,0,0,13,1,5,2,2,11,2,1,5,14,4,37,1,24,0,3,5,3,0,0,0,6,10,3,39,2,41,22,0,0,1,0,2,2,0,0,1,0,0,2,11,2,5,0,4,22,6,21,1,115,4,5,146,19,8,2,2,23,0,27,21,10,22,0,0,0,0,0,50,15,131,2,18,2,0,0,1,10,7,237,76,14,1,1,41,0,4,0,0,0,44,181,4,2,26,11
World,7,1,6,4,146,0,9,4,3,1,0,3,0,0,0,19,16,20,13,1,1,0,1,0,1,1,2,0,7,12,6,36,1,16,3,1,0,10,1,0,0,5,1,0,0,3,0,56,3,10,0,21,4,8,22,2,0,5,10,633,26,2,1,1,25,0,17,20,9,21,0,0,0,1,0,78,9,137,3,14,0,0,0,0,6,4,94,56,7,2,0,17,0,2,9,1,2,113,150,6,6,6,16
From,17,0,2,0,2,0,4,13,0,0,3,598,1,2,0,19,13,26,8,2,2,1,1,0,2,3,0,0,22,9,12,31,0,11,0,3,0,25,5,5,1,7,2,2,2,6,0,52,8,49,1,11,9,3,27,0,2,8,23,3,30,2,0,0,32,0,10,12,0,6,0,0,0,0,0,28,2,36,4,8,0,0,1,0,0,0,36,24,0,1,0,1,0,0,1,0,1,84,164,0,1,0,2
of,156,41,43,20,237,14,58,87,45,22,23,36,29,23,14,114,76,144,165,50,99,9,51,15,12,30,27,20,140,0,24,595,33,293,52,17,9,311,59,50,22,444,20,1,2,55,37,700,60,26,4,158,151,81,548,30,24,114,84,94,913,94,96,38,761,4,388,402,165,223,91,16,23,1,9,887,130,1491,63,524,18,0,15,33,216,132,10222,860,106,20,15,257,124,74,47,14,29,2529,1945,98,100,178,336
Middle,2,0,0,0,0,0,1,3,115,2,1,0,0,0,1,1,3,8,4,1,0,0,0,0,0,1,170,0,3,2,4,15,1,3,0,5,0,3,1,2,0,1,0,0,0,2,0,19,1,5,0,1,0,4,4,0,0,2,1,2,10,2,0,1,10,0,8,0,0,7,1,0,1,0,0,10,3,35,2,12,0,0,1,0,1,0,27,15,2,8,0,3,0,0,3,0,1,47,27,0,0,2,6
and,87,4,24,8,23,3,21,64,13,20,7,32,6,7,4,146,45,100,181,18,44,1,14,5,12,12,10,16,105,6,33,313,13,98,18,16,4,162,32,81,11,44,4,2,2,47,3,425,46,21,10,165,111,17,229,14,15,85,64,25,543,130,43,25,6915,1,138,244,83,97,28,12,9,3,4,798,110,829,40,371,6,0,9,10,213,66,761,772,81,32,10,115,17,75,47,32,11,1443,1452,123,34,152,329
the,200,9,29,14,44,27,63,96,47,4,18,84,7,14,6,576,90,530,71,48,37,14,11,3,11,12,47,7,186,10,42,285,16,152,19,6,1,350,30,75,13,329,11,0,0,34,17,768,167,43,7,239,232,20,697,54,34,406,77,113,1003,364,85,43,1443,3,282,400,284,183,30,11,26,0,3,1673,251,1899,120,1167,12,0,18,20,265,216,2529,1356,125,19,8,225,57,37,36,13,37,11739,2502,153,34,347,415
