word1_word2,A,About,Administration,After,And,Barack,Climate,Clinton,Congress,Court,Cruz,Cuba,Donald,For,From,GOP,Gun,Has,He,Hillary,Hiroshima,His,House,How,ISIS,In,Iran,Is,Islamic,Michelle,More,New,Not,Obama,Obamas,Of,On,Orlando,Over,Paris,President,Republicans,Sanders,Says,Senate,State,Supreme,Syria,The,To,Trump,Trumps,US,Union,Visit,What,White,Why,Will,With,a,about,administration,after,against,an,and,as,at,be,by,calls,campaign,climate,fight,for,from,gun,has,he,his,in,is,leaders,meet,more,new,not,of,on,out,over,plan,says,the,to,up,visit,will,with
Gun,8,8,1,29,4,5,0,5,15,1,1,0,0,26,4,5,340,5,3,8,0,6,6,2,1,15,0,15,1,0,11,22,4,221,110,12,19,5,8,1,20,1,3,10,3,2,0,0,15,25,2,0,9,1,0,5,4,6,9,15,7,1,0,2,0,0,11,5,7,1,2,0,0,0,0,31,0,2,0,0,0,24,1,0,0,1,1,0,24,60,0,0,1,0,9,76,2,0,0,6
Says,18,27,5,14,8,9,8,18,5,15,7,7,18,19,22,17,10,36,50,12,0,12,9,1,15,24,14,88,3,8,17,11,32,377,32,22,16,8,14,10,54,7,12,898,5,13,10,13,36,34,61,7,88,3,4,16,12,6,61,27,48,2,0,0,0,5,24,25,18,2,12,0,0,0,0,63,3,0,1,0,0,103,18,0,0,0,0,0,77,62,0,0,0,0,76,152,4,0,1,1
On,77,10,13,6,54,21,12,15,19,10,4,6,10,62,12,22,19,11,9,7,2,22,16,17,15,72,6,75,10,11,10,27,19,344,97,60,971,4,12,0,53,11,17,16,9,14,7,1,161,148,26,12,46,1,13,10,11,16,22,55,11,1,0,1,0,4,33,6,0,2,1,0,0,0,0,13,1,1,3,0,1,19,7,0,1,1,2,0,24,14,0,0,1,4,42,39,1,2,0,9
Has,40,16,8,4,9,8,0,6,1,1,3,1,3,23,3,6,5,489,10,3,0,13,4,15,3,15,2,8,1,7,13,14,5,192,39,11,11,1,7,1,45,1,8,36,0,10,0,3,60,24,9,2,32,4,3,10,4,14,3,13,73,1,1,0,0,5,12,6,2,0,4,0,0,0,0,40,7,0,1,0,0,38,1,0,0,1,1,0,37,35,1,0,0,1,76,63,2,0,0,4
for,157,18,15,45,4,109,29,146,63,93,27,55,69,8,28,96,31,40,14,83,32,16,73,65,36,40,64,203,33,64,75,225,40,2657,450,3,13,35,20,31,279,40,61,63,40,93,87,45,231,6,173,45,494,35,23,206,69,142,49,71,1011,59,41,118,49,134,798,359,260,231,103,250,48,46,48,11091,110,78,120,42,77,1352,572,58,10,139,353,147,887,635,126,85,79,267,1673,2002,175,130,167,347
Hillary,10,6,1,4,12,48,0,361,3,5,4,1,47,8,5,6,8,3,1,572,0,5,6,14,13,12,0,33,2,10,4,1,5,336,74,4,7,2,10,1,61,1,20,12,1,5,6,0,18,17,59,7,12,0,0,12,7,17,22,11,39,8,0,3,4,5,67,14,22,14,5,2,12,0,2,83,10,3,3,4,8,62,29,1,0,3,3,5,38,52,6,8,1,15,81,115,8,1,9,25
leaders,0,0,0,0,0,11,0,3,2,3,0,0,3,0,0,25,0,0,0,1,1,0,16,0,10,3,0,0,5,1,0,2,0,215,12,0,0,0,0,15,6,0,0,0,2,5,3,3,12,0,16,3,22,0,0,1,19,1,0,0,8,10,1,0,8,6,31,18,26,10,17,6,5,10,19,58,5,0,3,9,7,57,11,414,37,6,13,5,35,73,3,3,1,19,41,171,5,0,6,66
For,113,11,8,21,78,14,10,19,8,13,10,3,7,1148,10,12,26,23,11,8,5,24,10,13,13,89,5,93,4,7,19,52,29,358,83,61,62,5,14,5,40,13,11,19,9,12,10,1,164,155,35,9,49,8,10,21,8,20,32,39,36,2,0,0,0,6,17,6,5,8,4,0,1,0,0,8,3,0,0,0,0,18,22,0,0,3,5,2,26,12,0,1,0,0,44,42,3,1,5,1
Trump,33,32,2,17,23,72,4,193,1,13,54,1,438,35,11,63,2,9,22,59,4,15,14,33,22,43,9,83,2,14,15,14,37,1050,164,24,26,10,23,1,94,18,43,61,3,14,14,1,82,39,1698,0,60,14,2,23,17,20,22,33,171,47,2,20,22,16,165,59,86,46,41,14,20,8,3,173,17,9,17,24,21,167,112,16,0,6,5,65,158,228,16,35,15,100,239,301,25,7,36,56
in,109,33,13,49,3,164,19,129,37,69,19,140,51,18,36,37,24,38,13,62,26,37,116,154,59,24,50,138,77,62,78,216,49,2855,415,4,19,37,28,86,266,18,68,103,34,171,60,155,398,22,167,20,1058,64,30,97,98,108,120,92,888,102,37,138,82,114,829,477,510,227,359,76,60,61,90,1352,131,53,121,65,90,13914,476,57,62,218,311,154,1491,874,123,129,71,398,1899,3282,228,156,296,474
With,47,13,15,18,41,21,8,32,10,16,2,21,5,39,23,15,15,13,9,11,3,23,28,11,10,54,9,69,4,17,21,75,14,513,82,40,55,4,21,6,89,6,16,27,4,12,16,5,83,88,33,5,60,1,17,14,26,15,30,1364,65,0,0,0,0,15,64,24,39,0,13,0,2,0,0,71,3,0,0,0,4,92,8,0,0,1,8,0,84,97,3,0,0,0,77,231,1,1,2,4
is,58,7,1,10,5,79,8,37,6,15,10,13,41,22,8,25,1,1,1,29,4,3,15,110,24,15,20,8,14,19,6,29,17,771,193,2,7,6,5,7,82,2,37,18,2,19,17,20,345,9,112,22,209,5,0,63,15,208,4,8,771,107,24,42,20,120,371,106,126,57,67,3,9,17,19,572,57,20,36,42,46,476,4222,11,2,79,138,216,524,426,59,69,30,280,1167,897,69,16,30,164
How,22,17,7,4,24,10,5,17,4,8,2,0,13,13,19,8,2,15,9,14,0,10,4,1516,10,26,6,117,2,15,5,23,12,228,79,10,17,1,3,4,36,6,7,1,1,9,7,4,110,48,33,3,60,8,2,3,2,5,56,11,150,14,1,3,1,25,146,13,12,8,18,0,3,4,2,65,42,1,21,2,14,154,110,0,1,7,20,5,114,94,15,8,2,1,576,400,21,3,52,37
his,7,0,0,0,1,27,1,9,2,20,1,9,13,0,0,3,0,0,3,8,2,0,9,14,8,11,3,2,3,3,1,1,0,416,50,0,1,2,0,3,52,0,3,0,0,22,20,5,10,1,21,5,24,18,0,7,8,6,2,4,59,30,2,12,9,6,32,34,28,12,14,5,18,2,2,77,9,8,15,26,583,90,46,7,4,8,9,14,118,100,20,7,9,35,112,173,11,33,31,30
Donald,12,15,0,3,7,65,0,45,0,0,17,1,540,7,6,19,0,3,3,47,1,4,4,13,7,15,0,32,2,6,4,3,14,302,48,7,10,7,5,0,68,7,9,18,0,6,0,0,31,15,438,83,19,5,0,11,6,8,9,5,53,18,0,6,5,6,51,7,21,16,17,4,11,2,1,69,4,2,8,11,13,51,41,3,0,3,1,13,61,54,3,8,7,34,93,89,9,1,6,10
Supreme,15,6,5,0,4,1,4,15,0,725,3,0,0,10,4,43,0,0,3,6,0,11,15,7,0,7,0,12,0,1,0,5,8,556,176,10,7,0,10,0,38,31,2,10,41,1,795,0,29,31,14,1,38,0,1,10,17,6,11,16,40,6,4,3,6,6,13,23,33,8,10,5,2,12,12,87,4,1,10,4,20,60,17,3,3,1,2,5,48,129,3,25,28,22,62,298,9,1,14,17
After,15,4,8,570,4,6,1,10,4,1,5,10,3,21,2,6,29,4,11,4,0,7,2,4,3,14,2,17,0,5,13,11,5,228,41,14,6,11,4,16,33,3,10,14,2,2,0,2,25,15,17,2,26,0,10,8,5,3,17,18,25,2,1,0,1,2,24,5,11,3,7,0,1,1,0,45,2,1,1,0,0,49,10,0,1,4,2,0,43,35,0,0,0,1,29,84,0,6,5,8
In,91,5,11,14,58,38,14,19,6,9,7,15,15,89,13,21,15,15,9,12,8,29,18,26,10,1395,4,75,2,21,16,49,16,466,93,102,72,5,18,9,61,5,18,24,4,27,7,18,213,205,43,6,83,22,14,15,15,15,47,54,52,6,0,2,3,15,45,9,10,8,3,10,2,8,1,40,5,1,4,2,11,24,15,3,0,6,5,1,76,42,4,5,0,4,90,97,4,0,5,15
President,56,44,13,33,26,167,17,60,24,32,12,45,68,40,25,18,20,45,30,61,21,71,60,36,40,61,7,121,8,24,27,35,39,1980,436,42,53,30,22,15,2687,12,31,54,4,50,38,7,143,98,94,11,104,26,51,61,70,46,66,89,177,23,0,33,18,24,162,61,113,22,43,32,3,7,8,279,51,22,24,13,52,266,82,6,11,10,22,26,311,291,30,16,17,36,350,664,15,56,35,103
Syria,0,2,2,2,2,14,2,2,0,0,1,0,0,1,6,6,0,3,2,0,0,2,8,4,13,18,3,7,14,0,5,5,5,290,41,1,1,0,5,3,7,1,0,13,0,20,0,434,9,7,1,0,48,0,2,3,8,7,3,5,19,8,7,5,12,2,47,20,17,13,2,12,6,1,8,45,23,0,4,2,5,155,20,3,2,24,5,13,55,74,7,8,5,30,34,151,12,0,10,12
Will,40,10,8,17,23,27,10,22,3,14,4,14,9,32,19,8,9,3,13,22,6,20,11,56,19,47,6,15,7,6,22,31,45,284,109,21,22,1,11,11,66,5,7,61,4,17,11,3,95,44,22,5,67,5,23,26,10,27,1052,30,50,2,0,2,1,8,38,6,20,29,10,0,0,1,0,49,4,2,0,3,2,120,4,0,1,1,10,3,74,45,3,0,5,1,180,118,3,1,0,8
Obamas,108,68,4,41,34,174,59,126,78,184,31,104,48,83,40,98,110,39,26,74,84,41,105,79,99,93,69,195,23,76,30,90,59,24,5201,92,97,24,41,41,436,71,54,32,74,190,176,41,276,140,164,46,112,136,74,98,87,83,109,82,296,64,7,30,31,34,272,78,139,92,69,16,26,65,20,450,72,115,37,23,50,415,193,12,4,21,71,60,696,598,13,63,121,42,555,1069,33,153,80,131
up,3,0,0,0,0,11,0,29,4,9,3,5,9,3,0,6,2,2,0,8,1,1,4,21,17,4,2,5,6,7,7,12,0,250,33,0,1,0,0,2,15,2,6,4,3,10,9,12,21,2,25,0,86,3,0,3,4,11,3,1,73,15,5,20,18,7,123,102,24,15,41,4,14,2,20,175,33,6,16,3,11,228,69,5,3,15,50,22,98,168,9,18,9,39,153,579,1383,13,29,102
Why,30,34,3,3,22,16,6,14,4,4,1,6,8,20,8,2,6,14,10,17,12,5,4,5,15,15,6,171,5,12,16,11,17,262,83,12,16,3,13,3,46,8,13,6,1,7,6,7,88,29,20,5,64,4,1,8,5,1238,27,15,154,31,3,4,5,16,85,8,18,46,5,2,0,2,1,142,9,9,11,4,6,108,208,1,0,14,7,23,114,85,7,10,3,5,406,189,11,10,30,29
US,55,40,8,26,17,90,9,27,25,43,4,46,19,49,27,3,9,32,3,12,29,12,26,60,39,83,19,129,44,6,49,40,40,1154,112,30,46,1,25,6,104,8,8,88,11,67,38,48,246,64,60,26,4467,8,41,39,23,64,67,60,271,73,13,73,49,19,229,239,210,71,72,14,13,15,23,494,61,13,37,30,24,1058,209,22,27,74,37,72,548,473,20,106,30,198,697,1101,86,91,94,136
About,23,729,7,4,20,11,6,5,3,7,1,7,15,11,5,8,8,16,12,6,1,13,2,17,6,5,7,76,2,14,17,13,21,226,68,14,10,3,1,3,44,0,5,27,2,8,6,2,83,42,32,7,40,0,3,104,4,34,10,13,15,0,0,0,0,3,43,11,12,1,6,0,0,0,0,18,2,0,0,0,0,33,7,0,0,0,0,0,26,20,0,0,0,0,197,141,0,0,0,3
campaign,0,0,0,1,0,9,0,61,1,2,5,0,11,1,0,9,0,0,0,12,0,0,2,3,2,2,5,1,8,4,0,0,0,202,26,0,0,1,0,0,3,2,19,0,1,9,2,6,5,0,20,7,13,1,0,1,1,0,0,2,15,4,4,3,11,2,18,22,11,4,23,7,325,0,0,48,1,13,1,3,18,60,9,5,7,1,11,12,52,45,2,3,0,16,28,111,14,6,19,22
Congress,0,3,2,4,1,3,4,4,422,1,1,3,0,8,5,7,15,1,3,3,0,5,4,4,6,6,10,8,2,1,3,4,1,267,78,5,19,1,9,1,24,6,1,5,1,7,0,0,8,24,1,0,25,7,1,6,3,4,3,10,8,2,7,1,3,0,27,12,8,0,9,5,1,6,5,63,8,14,11,2,2,37,6,2,3,2,3,3,33,82,2,7,18,14,18,192,4,0,5,11
A,1485,23,8,15,66,23,8,14,0,18,7,7,12,113,17,11,8,40,11,10,3,19,12,22,6,91,1,118,0,19,13,98,23,323,108,94,77,1,7,2,56,13,13,18,1,17,15,0,172,136,33,3,55,7,6,11,11,30,40,47,49,10,1,5,2,10,87,6,50,13,13,0,0,4,1,157,19,2,11,0,7,109,58,0,0,7,38,5,156,71,2,12,3,10,200,165,3,5,14,28
Administration,8,7,376,8,1,3,1,3,2,9,2,5,0,8,3,2,1,8,0,1,0,0,4,7,3,11,12,18,2,0,24,22,7,368,4,7,13,1,17,2,13,2,1,5,1,0,5,2,43,26,2,0,8,0,0,1,2,3,8,15,6,0,0,0,0,0,12,1,5,0,2,0,0,0,0,15,3,0,0,0,0,13,1,0,0,0,0,0,34,41,0,0,0,0,31,93,0,0,0,1
a,49,15,6,25,4,105,22,60,8,33,24,21,53,36,30,31,7,73,13,39,8,16,32,150,34,52,23,252,12,52,25,114,69,1211,296,3,11,11,15,14,177,18,42,48,10,49,40,19,287,9,171,17,271,17,17,60,30,154,50,65,5874,86,16,61,17,66,543,251,243,206,108,32,15,17,26,1011,142,25,159,39,59,888,771,8,6,61,274,166,913,524,80,56,53,159,1003,1347,73,52,147,346
And,66,20,1,4,645,17,2,21,1,4,7,1,7,78,14,7,4,9,3,12,2,8,4,24,9,58,1,50,1,15,15,25,12,173,34,69,54,4,15,2,26,3,15,8,0,2,4,2,176,109,23,3,17,3,3,15,5,22,23,41,4,0,0,0,0,0,0,0,0,3,2,0,0,0,0,4,0,0,2,0,1,3,5,0,0,1,1,1,7,2,0,0,0,0,12,5,0,0,1,1
calls,0,0,0,0,0,7,0,8,5,5,4,11,4,0,0,7,0,0,0,2,6,0,3,0,10,10,2,1,8,3,0,3,0,302,16,0,0,9,0,12,32,1,3,0,3,10,5,12,6,0,14,7,14,3,0,0,3,2,0,0,32,4,2,20,9,20,28,31,12,7,3,543,7,9,5,250,4,17,0,6,5,76,3,6,3,9,14,3,91,141,20,8,4,4,30,214,4,8,1,20
Over,7,1,17,4,15,9,7,20,9,18,3,6,5,14,5,9,8,7,3,10,0,4,9,3,9,18,10,31,0,8,4,9,5,203,41,13,12,2,491,2,22,9,5,14,2,2,10,5,30,18,23,2,25,0,1,1,7,13,11,21,15,0,0,1,0,1,26,17,12,2,10,0,0,1,0,20,2,0,0,0,0,28,5,0,1,0,1,1,28,18,0,0,2,0,36,51,0,0,2,1
Iran,1,7,12,2,1,4,1,2,10,0,3,7,0,5,11,8,0,2,1,0,0,0,7,6,3,4,448,12,3,0,1,4,2,222,69,2,6,0,10,2,7,3,1,14,3,3,0,3,14,11,9,0,19,1,0,3,2,6,6,9,23,2,20,8,2,1,32,26,5,4,12,2,5,0,2,64,9,0,4,1,3,50,20,0,1,1,4,2,36,69,6,23,5,18,33,139,2,5,14,32
White,11,4,2,5,5,41,3,14,3,17,4,8,6,8,11,4,4,4,1,7,9,6,751,2,5,15,2,16,3,33,2,4,4,665,87,9,11,3,7,1,70,4,26,12,4,5,17,8,49,18,17,1,23,2,9,8,871,5,10,26,30,10,1,18,6,6,46,15,185,9,7,3,1,4,2,69,22,6,6,8,8,98,15,19,53,3,4,14,47,78,13,5,6,27,161,296,4,43,15,55
Hiroshima,3,1,0,0,2,12,0,0,0,0,0,0,1,5,1,0,0,0,1,0,311,2,8,0,0,8,0,4,0,0,3,0,1,222,84,1,2,0,0,0,21,1,0,0,0,0,0,0,4,16,4,1,29,0,63,8,9,12,6,3,8,0,0,6,0,3,12,4,17,2,8,6,0,0,0,32,7,0,1,5,2,26,4,1,1,2,0,8,29,28,0,4,1,8,12,162,1,125,8,20
as,6,11,1,5,0,40,6,48,12,25,7,16,7,6,10,19,5,6,7,14,4,9,15,13,20,9,26,30,13,15,25,50,24,761,78,0,6,11,17,12,61,10,15,25,5,18,23,20,46,4,59,7,239,2,13,11,15,8,6,24,251,31,2,14,7,43,138,3537,82,42,47,31,22,19,12,359,24,14,13,41,34,477,106,18,17,39,80,45,388,282,53,62,17,69,282,664,102,31,36,64
Paris,2,3,2,16,2,6,41,0,1,0,0,0,0,5,6,3,1,1,3,1,0,1,1,4,10,9,2,7,2,0,0,4,3,190,41,2,0,0,2,390,15,9,0,10,0,4,0,3,23,8,1,1,6,0,2,4,1,3,11,6,14,2,0,19,3,6,23,12,29,4,3,12,0,82,1,31,6,0,1,1,3,86,7,15,10,1,6,3,72,50,1,3,0,8,48,117,2,2,7,12
has,11,0,0,1,2,24,0,7,11,10,0,4,8,0,2,3,0,1,2,3,1,1,6,21,5,4,4,1,1,5,0,4,0,244,37,1,3,3,0,1,24,2,7,1,1,4,10,4,58,0,17,1,37,3,0,12,6,11,0,0,159,29,4,12,6,30,68,13,20,12,7,0,1,5,6,120,17,7,967,27,15,121,36,3,3,33,34,27,92,101,12,20,16,84,193,234,16,3,15,42
Senate,1,2,1,2,0,2,2,1,1,41,2,0,0,9,1,27,3,0,1,1,0,2,13,1,0,4,3,2,1,0,2,1,1,187,74,0,9,0,2,0,4,24,1,5,298,3,41,0,3,16,3,0,11,0,0,0,4,1,4,4,10,0,1,1,3,7,15,5,5,4,1,3,1,1,2,40,5,4,1,0,0,34,2,2,2,0,9,4,13,50,2,6,1,8,11,125,3,0,7,11
Michelle,19,14,0,5,15,58,0,7,1,1,2,0,6,7,5,2,0,7,7,10,0,0,34,15,0,21,0,28,0,635,7,13,4,546,76,6,11,0,8,0,24,0,1,8,0,22,1,0,26,15,14,0,6,12,3,9,33,12,6,17,52,6,0,2,2,6,113,15,44,10,7,3,4,0,1,64,13,0,5,4,3,62,19,1,3,2,7,5,44,58,8,3,0,4,72,154,7,9,12,42
Of,94,14,7,14,69,13,6,7,5,11,4,3,7,61,9,15,12,11,5,4,1,25,8,10,8,102,2,69,1,6,16,23,8,248,92,791,60,8,13,2,42,6,7,22,0,62,10,1,297,134,24,4,30,38,10,18,9,12,21,40,3,0,0,0,0,2,6,0,1,1,0,0,0,0,0,3,1,0,1,1,0,4,2,0,0,0,0,0,0,4,0,0,0,0,10,4,0,0,0,0
Clinton,14,5,3,10,21,47,1,1121,4,14,4,0,45,19,16,25,5,6,5,361,0,11,13,17,18,19,2,47,3,7,2,5,17,707,126,7,15,3,20,0,60,4,125,18,1,5,15,2,37,32,193,14,27,1,0,10,14,14,22,32,60,14,3,8,8,15,124,48,40,25,11,8,61,0,5,146,21,7,7,15,9,129,37,3,1,5,4,21,75,165,8,21,8,34,114,282,29,3,18,70
Visit,6,3,0,10,3,4,2,0,1,1,1,44,0,10,6,1,0,3,0,0,63,14,9,2,2,14,0,9,2,3,2,2,1,210,74,10,13,3,1,2,51,0,0,4,0,6,1,2,5,57,2,1,41,0,328,7,9,1,23,17,17,1,0,0,0,1,12,13,5,0,5,0,0,0,0,23,1,0,0,0,0,30,0,0,0,0,0,0,39,22,0,0,0,1,15,144,0,0,0,2
ISIS,6,6,3,3,9,18,1,18,6,1,6,0,7,13,8,12,1,3,8,13,0,6,7,10,621,10,3,39,4,0,4,13,14,428,99,8,15,9,9,10,40,4,1,15,0,7,0,13,20,27,22,0,39,1,2,7,5,15,19,10,34,11,2,9,40,7,50,20,19,13,13,10,2,2,33,36,14,0,5,1,8,59,24,10,7,8,10,13,66,101,2,6,7,20,58,156,17,7,19,28
out,2,0,0,0,0,8,1,8,2,3,2,7,3,0,2,7,0,1,0,6,0,1,12,15,2,4,6,7,2,8,0,4,2,207,13,0,0,0,0,1,30,3,4,0,2,3,3,7,18,1,16,2,20,0,0,6,13,7,3,3,80,8,3,18,8,8,53,53,44,12,15,20,2,3,0,126,9,2,12,7,20,123,59,3,1,10,30,16,220,78,804,13,11,14,134,228,9,7,24,42
Barack,23,11,3,6,17,1270,6,47,3,1,6,13,65,14,7,6,5,8,9,48,12,15,38,10,18,38,4,42,4,58,5,11,8,1062,174,13,21,6,9,6,167,4,16,9,2,15,1,14,63,31,72,4,90,8,4,23,41,16,27,21,105,18,1,22,9,12,150,40,56,24,24,7,9,8,7,109,24,17,24,17,27,164,79,11,16,6,10,35,150,124,8,22,10,54,181,261,11,31,35,78
to,165,141,93,84,5,261,71,282,192,327,62,239,89,42,164,193,76,63,43,115,162,66,346,400,156,97,139,292,129,154,146,311,117,7051,1069,4,39,84,51,117,664,98,119,152,125,272,298,151,436,34,301,61,1101,94,144,213,296,189,118,231,1347,281,180,241,141,193,1452,664,692,613,423,214,111,138,203,2002,448,139,234,82,173,3282,897,171,256,321,518,330,1945,2296,228,209,297,621,2502,23198,579,542,327,1010
Climate,8,6,1,1,2,6,288,1,4,5,1,0,0,10,3,7,0,0,3,0,0,5,3,5,1,14,1,16,0,0,1,5,3,163,59,6,12,0,7,41,17,6,0,8,2,3,4,2,19,26,4,0,9,1,2,2,3,6,10,8,22,0,0,3,0,9,22,6,17,3,6,0,0,0,0,29,2,0,0,0,1,19,8,0,0,1,0,2,28,25,1,0,0,2,29,71,0,0,4,1
Orlando,1,3,1,11,4,6,0,3,1,0,0,0,7,5,4,0,5,1,1,2,0,0,3,1,9,5,0,4,1,0,2,1,0,243,24,8,4,284,2,0,30,1,0,8,0,0,0,0,3,6,10,5,1,0,3,2,3,3,1,4,11,6,2,9,0,14,17,11,3,5,5,9,1,0,0,35,4,9,3,1,2,37,6,0,4,1,0,10,50,47,0,2,0,18,22,84,0,9,3,14
at,50,12,5,11,0,56,17,40,8,34,8,2,21,5,12,31,7,2,5,22,17,5,171,12,19,10,5,23,6,44,10,43,14,1057,139,1,0,3,12,29,113,7,33,18,5,54,33,17,84,13,86,7,210,23,5,25,185,18,20,39,243,28,23,35,11,23,244,82,3154,52,50,12,11,22,10,260,32,23,20,21,28,510,126,26,57,29,40,32,402,207,44,56,12,68,400,692,24,14,42,116
The,172,83,43,25,176,63,19,37,8,24,17,3,31,164,52,39,15,60,17,18,4,34,44,110,20,213,14,357,8,26,45,96,68,849,276,297,161,3,30,23,143,14,21,36,3,76,29,9,4421,279,82,29,246,40,5,60,49,88,95,83,287,51,25,28,9,30,425,46,84,47,54,6,5,7,6,231,49,5,58,3,10,398,345,12,2,12,53,46,700,222,18,22,14,28,768,436,21,4,34,72
over,12,0,0,0,0,22,0,21,7,28,8,1,8,1,0,25,0,0,0,8,4,0,4,8,6,5,23,2,2,3,0,8,1,369,63,0,0,2,0,3,16,13,10,0,6,4,25,8,22,1,35,1,106,2,0,2,5,10,0,0,56,10,28,10,25,5,81,62,56,22,24,8,3,19,24,85,13,16,20,3,7,129,69,3,7,13,25,11,106,98,13,1333,14,51,125,209,18,14,20,47
gun,2,0,0,1,0,17,0,7,14,1,3,0,2,0,0,8,2,0,1,3,0,0,6,1,0,1,0,1,0,0,1,5,0,327,115,0,1,9,0,0,22,7,1,0,4,2,1,0,5,0,9,0,13,2,0,5,6,9,2,0,25,8,2,18,3,2,17,14,23,4,7,17,13,1,7,78,2,455,7,7,8,53,20,0,4,5,35,12,70,113,2,16,20,19,30,139,6,1,14,21
on,71,20,41,35,2,124,25,165,82,135,34,58,54,12,24,121,60,35,26,52,28,55,88,94,101,42,69,137,72,58,48,134,45,2863,598,4,14,47,18,50,291,39,81,62,50,102,129,74,222,19,228,47,473,28,22,34,78,85,45,97,524,63,78,85,38,87,772,282,207,130,103,141,45,53,43,635,105,113,101,48,100,874,426,73,70,123,202,138,860,9452,78,98,55,235,1356,2296,168,86,182,389
climate,4,0,0,1,0,8,0,0,6,14,0,0,2,0,1,20,0,0,0,0,0,0,8,4,2,8,0,0,0,0,0,2,0,233,65,0,0,0,1,82,7,4,0,0,1,5,12,1,7,0,8,3,15,2,0,3,4,2,1,0,17,12,3,1,3,5,24,19,22,22,16,9,0,413,9,46,2,1,5,2,2,61,17,10,14,4,7,5,61,53,3,19,10,30,42,138,2,2,15,27
More,13,17,24,13,15,5,1,2,3,0,2,2,4,19,3,2,11,13,4,4,3,5,3,5,4,16,1,43,1,7,672,19,6,189,30,16,10,2,4,0,27,6,6,17,2,3,0,5,45,39,15,1,49,2,2,7,2,16,22,21,25,6,0,0,0,3,35,25,10,3,11,0,0,0,0,75,10,1,0,0,1,78,6,0,0,3,5,1,44,48,0,0,1,4,69,146,7,1,6,4
Is,118,76,18,17,50,42,16,47,8,13,8,8,32,93,26,20,15,8,21,33,4,36,17,117,39,75,12,2184,8,28,43,59,111,552,195,69,75,4,31,7,121,9,35,88,2,14,12,7,357,114,83,13,129,3,9,51,16,171,15,69,252,7,0,0,1,25,100,30,23,2,10,1,1,0,0,203,14,1,1,2,2,138,8,0,0,2,14,1,144,137,7,2,3,1,530,292,5,0,0,26
after,5,0,0,0,0,22,3,8,1,1,3,12,6,0,0,3,2,0,0,3,6,0,16,3,9,2,8,0,6,2,0,12,0,396,30,0,1,9,1,19,33,2,8,0,1,7,3,5,28,0,20,1,73,2,0,9,18,4,2,0,61,17,2,1054,12,8,43,14,35,27,10,20,3,1,1,118,22,18,12,16,12,138,42,0,3,6,15,15,96,85,18,10,8,43,85,241,20,36,40,41
Cuba,7,7,5,10,1,13,0,0,3,0,2,502,1,3,4,3,0,1,3,1,0,5,11,0,0,15,7,8,0,0,2,3,0,369,104,3,6,0,6,0,45,0,0,7,0,0,0,0,3,10,1,0,46,0,44,6,8,6,14,21,21,3,15,12,1,7,33,16,2,2,9,11,0,0,0,55,1,0,4,4,9,140,13,0,12,8,14,7,44,58,7,1,0,17,36,239,5,95,13,35
What,11,104,1,8,15,23,2,10,6,9,1,6,11,21,22,4,5,10,12,12,8,10,6,3,7,15,3,51,1,9,7,15,11,237,98,18,10,2,1,4,61,2,5,16,0,9,10,3,60,48,23,4,39,6,7,1021,8,8,26,14,60,100,2,9,2,7,93,11,25,10,8,0,1,3,1,206,31,5,12,5,7,97,63,1,3,5,10,3,76,34,6,2,2,4,338,213,3,3,32,15
by,13,6,2,7,2,24,6,11,9,12,0,9,17,4,6,20,2,4,3,5,8,7,8,18,13,3,12,10,3,7,11,34,4,355,69,0,1,5,10,3,43,7,7,12,1,6,10,2,54,2,41,10,72,3,5,8,7,5,10,13,108,11,5,10,5,12,97,47,50,63,1918,3,23,16,2,103,12,7,7,4,14,359,67,17,0,21,34,35,223,103,15,24,15,47,183,423,41,16,36,29
visit,5,0,0,6,0,31,0,3,0,1,0,95,1,1,1,2,0,0,0,1,125,0,41,3,7,0,5,0,7,9,1,6,0,559,153,0,2,9,0,2,56,0,2,0,0,7,1,0,4,0,7,0,91,0,0,3,43,10,1,1,52,9,1,36,2,9,34,31,14,11,16,8,6,2,2,130,19,1,3,8,33,156,16,0,7,4,11,17,100,86,7,14,1,35,34,542,13,854,30,45
he,0,0,0,0,0,17,0,15,2,4,1,4,11,0,0,3,0,0,1,4,5,0,6,2,1,2,1,2,1,4,0,2,0,249,23,1,0,1,0,1,13,1,2,0,0,5,4,2,3,0,24,4,30,3,0,5,8,4,3,0,39,10,0,16,1,3,22,41,21,23,4,6,3,2,2,42,16,7,27,361,26,65,42,9,6,6,3,13,22,48,7,3,5,112,58,82,3,8,28,19
new,38,0,0,2,1,10,0,4,3,2,4,14,1,5,0,8,1,1,1,3,0,0,5,20,10,5,4,14,4,7,5,9,0,346,71,0,2,0,1,6,22,3,6,0,9,4,2,5,53,0,5,1,37,2,0,10,4,7,10,8,274,22,47,15,15,21,213,80,40,47,34,14,11,7,29,353,48,35,34,3,9,311,138,13,3,26,2041,22,216,202,30,25,37,64,265,518,50,11,78,230
will,14,0,0,5,1,35,4,18,5,13,5,13,6,5,0,5,0,0,0,9,8,0,14,52,19,5,14,0,24,12,6,17,1,422,80,0,0,3,2,7,35,6,6,1,7,32,14,10,34,0,36,3,94,10,0,32,15,30,0,2,147,11,9,40,16,25,152,36,42,274,36,1,19,15,18,167,49,14,15,28,31,296,30,6,13,35,78,143,178,182,24,20,18,193,347,327,29,30,1895,64
says,10,0,0,1,0,54,2,34,14,21,7,17,34,0,1,34,0,1,0,15,8,0,28,1,20,4,18,1,19,4,4,10,5,845,42,0,4,18,0,8,36,1,13,0,8,24,22,30,28,0,100,5,198,4,1,4,27,5,1,0,159,56,5,43,28,38,115,69,68,147,47,4,16,30,14,267,56,19,84,112,35,398,280,19,8,40,64,144,257,235,14,51,6,2616,225,621,39,35,193,75
He,11,12,0,11,3,9,3,5,3,3,1,3,3,11,5,3,3,10,257,1,1,7,1,9,8,9,1,21,2,7,4,1,8,193,26,5,9,1,3,3,30,1,5,50,1,2,3,2,17,22,22,1,3,1,0,12,1,10,13,9,13,1,0,0,0,0,9,7,5,0,3,0,0,0,0,14,1,1,2,1,3,13,1,0,0,2,1,0,20,26,0,0,0,0,17,43,0,0,0,0
Court,18,7,9,1,4,1,5,14,1,854,2,0,0,13,3,51,1,1,3,5,0,8,14,8,1,9,0,13,0,1,0,6,9,591,184,11,10,0,18,0,32,26,0,15,41,1,725,0,24,30,13,0,43,0,1,9,17,4,14,16,33,5,4,1,8,5,13,25,34,7,12,5,2,14,13,93,3,1,10,4,20,69,15,3,3,1,2,3,52,135,3,28,24,21,57,327,9,1,13,20
not,5,0,0,0,1,35,2,21,3,3,1,7,13,2,0,17,0,0,0,5,8,0,11,5,13,1,2,1,10,5,1,4,0,398,60,0,0,10,1,3,26,4,5,0,4,12,5,13,46,2,65,9,72,1,0,3,14,23,3,0,166,35,7,15,14,27,66,45,32,95,35,3,12,5,11,147,16,12,27,13,14,154,216,5,3,15,22,1304,132,138,16,11,8,144,216,330,22,17,143,42
with,28,3,1,8,1,78,1,70,11,20,10,35,10,1,2,43,6,4,0,25,20,7,53,37,28,15,32,26,19,42,4,38,6,1033,131,0,9,14,1,12,103,16,30,1,11,30,17,12,72,3,56,4,136,8,2,15,55,29,8,4,346,45,20,41,19,25,329,64,116,57,29,20,22,27,41,347,40,21,42,19,30,474,164,66,95,61,230,42,336,389,42,47,29,75,415,1010,102,45,64,4012
from,19,2,3,2,0,24,2,21,8,3,1,1,4,3,2,10,0,7,1,10,7,2,23,42,14,5,9,14,3,13,10,12,0,350,72,1,1,4,2,6,51,2,11,3,5,11,4,23,49,0,17,1,61,5,1,31,22,9,4,3,142,13,8,22,2,20,110,24,32,30,12,4,1,2,8,110,1617,2,17,16,9,131,57,5,4,19,48,16,130,105,9,13,7,56,251,448,33,19,49,40
Trumps,3,7,0,2,3,4,0,14,0,0,14,0,83,9,0,10,0,2,1,7,1,3,1,3,0,6,0,13,1,0,1,3,7,183,46,4,12,5,2,1,11,5,3,7,0,0,1,0,29,9,0,351,26,0,1,4,1,5,5,5,17,6,1,1,2,2,12,7,7,6,10,7,7,3,0,45,1,0,1,4,5,20,22,3,0,0,1,9,29,47,2,1,18,5,44,61,0,0,3,4
To,136,42,26,15,109,31,26,32,24,30,13,10,15,155,49,34,25,24,22,17,16,28,26,48,27,205,11,114,6,15,39,65,39,718,140,134,148,6,18,8,98,15,13,34,16,28,31,7,279,1892,39,9,64,12,57,48,18,29,44,88,9,0,0,0,0,1,21,4,13,2,2,0,0,0,0,6,0,0,0,0,1,22,9,0,0,3,0,2,26,19,1,1,0,0,43,34,2,0,0,3
administration,1,0,0,1,0,1,0,3,7,4,1,15,0,0,0,1,0,1,0,0,0,0,1,1,2,0,20,0,0,0,0,4,0,410,7,0,0,2,0,0,0,2,0,0,1,1,4,7,25,0,2,1,13,0,0,2,1,3,0,0,16,12,425,2,4,2,6,2,23,0,5,2,4,3,6,41,8,2,4,0,2,37,24,1,0,4,47,7,32,78,3,28,11,5,23,180,5,1,9,20
fight,1,0,0,0,0,7,0,5,5,13,0,0,1,0,0,16,0,0,0,2,0,0,5,2,33,1,2,0,23,1,0,1,1,226,20,0,0,0,0,1,8,5,4,0,2,22,12,8,6,0,3,0,23,0,0,1,2,1,0,0,26,1,6,1,70,2,23,12,10,6,2,5,0,9,376,48,8,7,6,2,2,90,19,19,10,12,29,11,7,43,0,24,4,14,36,203,20,2,18,41
Sanders,13,5,1,10,15,16,0,125,1,0,1,0,9,11,5,7,3,8,5,20,0,6,23,7,1,18,1,35,0,1,6,4,15,268,54,7,17,0,5,0,31,0,557,12,1,0,2,0,21,13,43,3,8,0,0,5,26,13,7,16,42,10,0,8,4,8,81,15,33,2,7,3,19,0,4,61,11,1,7,2,3,68,37,0,11,3,6,5,50,81,4,10,3,13,75,119,6,2,6,30
Not,23,21,7,5,12,8,3,17,1,9,0,0,14,29,4,11,4,5,8,5,1,5,4,12,14,16,2,111,9,4,6,11,608,224,59,8,19,0,5,3,39,3,15,32,1,7,8,5,68,39,37,7,40,0,1,11,4,17,45,14,69,1,0,0,0,10,22,24,14,4,4,0,0,0,1,40,0,0,0,0,0,49,17,0,0,0,0,0,42,45,2,1,0,5,87,117,0,0,1,6
His,19,13,0,7,8,15,5,11,5,8,3,5,4,24,8,3,6,13,7,5,2,375,5,10,6,29,0,36,0,0,5,7,5,290,41,25,22,0,4,1,71,3,6,12,2,15,11,2,34,28,15,3,12,15,14,10,6,5,20,23,16,0,0,0,0,4,17,9,5,0,7,0,0,0,0,16,2,0,1,0,0,37,3,0,0,0,0,0,43,55,1,0,0,0,26,66,1,0,0,7
Islamic,0,2,2,0,1,4,0,3,2,0,2,0,2,4,2,2,1,1,2,2,0,0,2,2,4,2,3,8,368,0,1,4,9,261,23,1,10,1,0,2,8,2,0,3,1,263,0,14,8,6,2,1,44,0,2,1,3,5,7,4,12,10,0,6,31,2,20,13,6,12,3,8,8,0,23,33,3,0,1,1,3,77,14,5,6,6,4,10,32,72,2,2,1,19,30,129,6,7,24,19
an,10,3,0,2,0,12,9,15,0,5,3,7,6,6,6,4,0,5,0,5,3,4,3,25,7,15,1,25,2,6,3,9,10,187,34,2,4,14,1,6,24,5,8,5,7,4,6,2,30,1,16,2,19,1,1,7,6,16,8,15,66,12,2,8,2,852,92,43,23,16,12,20,2,5,2,134,20,2,30,3,6,114,120,6,1,5,21,27,136,87,8,5,9,38,120,193,7,9,25,25
Cruz,7,1,2,5,7,6,1,4,1,2,262,2,17,10,2,5,1,3,1,4,0,3,0,2,6,7,3,8,2,2,2,3,0,174,31,4,4,0,3,0,12,0,1,7,2,4,3,1,17,13,54,14,4,3,1,1,4,1,4,2,24,3,1,3,2,3,42,7,8,4,0,4,5,0,0,27,1,3,0,1,1,19,10,0,0,1,4,1,19,34,2,8,5,7,20,62,3,0,5,10
be,13,1,0,3,3,24,3,25,0,7,4,2,16,8,0,2,1,0,0,14,2,0,9,8,13,8,4,2,12,10,3,14,4,289,92,1,2,5,2,4,22,1,2,2,4,18,8,13,47,2,46,6,71,7,0,10,9,46,29,0,206,34,0,27,12,16,83,42,52,1530,63,7,4,22,6,231,30,4,12,23,12,227,57,10,3,50,47,95,165,130,12,22,6,147,284,613,15,11,274,57
meet,0,0,0,1,0,16,0,1,3,3,0,12,0,0,0,14,0,0,0,0,1,0,50,1,7,0,1,0,6,3,0,0,0,248,4,0,1,4,1,10,11,4,11,0,2,8,3,2,2,0,0,0,27,2,0,3,53,0,1,0,6,9,0,3,0,1,21,17,57,3,0,3,7,14,10,10,4,4,3,6,4,62,2,37,344,1,3,3,40,70,1,7,3,8,17,256,3,7,13,95
more,7,0,0,4,1,6,1,5,2,1,1,8,3,3,0,5,1,1,2,3,2,0,1,7,8,6,1,2,6,2,3,6,0,218,21,0,1,1,0,1,10,2,3,0,0,6,1,24,12,3,6,0,74,0,0,5,3,14,1,1,61,48,4,6,10,5,125,39,29,50,21,9,1,4,12,139,19,5,33,6,8,218,79,6,1,1129,26,15,90,123,10,13,10,40,97,321,15,4,35,61
Union,7,0,0,0,3,8,1,1,7,0,3,0,5,8,2,5,1,4,1,0,0,15,2,8,1,22,1,3,0,12,2,0,0,142,136,38,1,0,0,0,26,1,0,3,0,286,0,0,40,12,14,0,8,349,0,6,2,4,5,1,17,5,0,2,3,1,16,2,23,7,3,3,1,2,0,35,5,2,3,3,18,64,5,0,2,0,2,1,260,28,0,2,1,4,227,94,3,0,10,8
New,98,13,22,11,25,11,5,5,4,6,3,3,3,52,22,3,22,14,1,1,0,7,5,23,13,49,4,59,4,13,19,1661,11,261,90,23,27,1,9,4,35,3,4,11,1,10,5,5,96,65,14,3,40,0,2,15,4,11,31,75,114,13,4,12,2,9,105,50,43,14,34,3,0,2,1,225,12,5,4,2,1,216,29,2,0,6,9,4,140,134,4,8,4,10,186,311,12,6,17,38
State,17,8,0,2,2,15,3,5,7,1,4,0,6,12,7,9,2,10,2,5,0,15,5,9,7,27,3,14,263,22,3,10,7,410,190,62,14,0,2,4,50,4,0,13,3,953,1,20,76,28,14,0,67,286,6,9,5,7,17,12,49,18,1,7,31,4,44,18,54,18,6,10,9,5,22,93,11,2,4,5,22,171,19,5,8,6,4,12,444,102,3,4,2,24,329,272,10,7,32,30
Republicans,13,0,2,3,3,4,6,4,6,26,0,0,7,13,1,6,1,1,1,1,1,3,16,6,4,5,3,9,2,0,6,3,3,185,71,6,11,1,9,9,12,338,0,7,24,4,31,1,14,15,18,5,8,1,0,2,4,8,5,6,18,4,2,2,0,5,21,10,7,1,7,1,2,4,5,40,2,7,2,1,0,18,2,0,4,2,3,4,20,39,3,13,2,1,27,98,2,0,6,16
House,12,2,4,2,4,38,3,13,4,14,0,11,4,10,11,16,6,4,1,6,8,5,937,4,7,18,7,17,2,34,3,5,4,705,105,8,16,3,9,1,60,16,23,9,13,5,15,8,44,26,14,1,26,2,9,6,751,4,11,28,32,12,1,16,8,3,45,15,171,9,8,3,2,8,5,73,23,6,6,6,9,116,15,16,50,1,5,11,70,88,12,4,8,28,144,346,4,41,14,53
about,10,0,0,2,0,18,0,14,2,5,3,3,18,2,2,9,1,1,1,8,0,0,12,14,11,6,2,7,10,6,6,13,1,312,64,0,1,6,0,2,23,4,10,2,0,18,6,8,51,0,47,6,73,5,1,100,10,31,2,0,86,1308,12,17,4,12,130,31,28,34,11,4,4,12,1,59,13,8,29,10,30,102,107,10,9,48,22,35,94,63,8,10,3,56,364,281,15,9,11,45
against,2,0,0,1,0,9,0,8,3,8,2,1,5,0,0,10,0,0,0,4,0,0,8,1,40,3,2,1,31,2,0,2,0,272,31,0,0,0,0,3,18,0,4,0,3,31,6,12,9,0,22,2,49,3,0,2,6,5,1,0,17,4,4,12,576,2,25,7,11,12,5,9,11,3,70,49,2,3,6,1,9,82,20,8,0,10,15,14,38,38,8,25,2,28,43,141,18,2,16,19
From,17,5,3,2,14,7,3,16,5,3,2,4,6,10,598,7,4,3,5,5,1,8,11,19,8,13,11,26,2,5,3,22,4,174,40,9,12,4,5,6,25,1,5,22,1,7,4,6,52,49,11,0,27,2,6,22,11,8,19,23,30,2,0,0,0,6,32,10,12,0,6,0,0,1,0,28,2,0,2,0,0,36,8,0,0,0,0,0,36,24,2,0,0,1,84,164,0,1,0,2
of,156,26,34,43,7,150,28,75,33,52,19,44,61,26,36,61,24,37,20,38,29,43,70,114,66,76,36,144,32,44,44,140,42,2337,696,0,24,50,28,72,311,20,50,77,13,444,48,55,700,26,158,29,548,260,39,76,47,114,74,84,913,94,32,96,38,136,761,388,402,165,223,91,52,61,7,887,130,70,92,22,118,1491,524,35,40,90,216,132,10222,860,220,106,39,257,2529,1945,98,100,178,336
and,87,43,12,24,0,150,22,124,27,13,42,33,51,17,32,32,11,12,9,67,12,17,45,146,50,45,32,100,20,113,35,105,22,1437,272,6,33,17,26,23,162,21,81,24,15,44,13,47,425,21,165,12,229,16,12,93,46,85,38,64,543,130,6,43,25,92,6915,138,244,83,97,28,18,24,23,798,110,17,68,22,32,829,371,31,21,125,213,66,761,772,53,81,21,115,1443,1452,123,34,152,329
Obama,323,226,368,228,173,1062,163,707,267,591,174,369,302,358,174,461,221,192,193,336,222,290,705,228,428,466,222,552,261,546,189,261,224,22484,24,248,344,243,203,190,1980,185,268,377,187,410,556,290,849,718,1050,183,1154,142,210,237,665,262,284,513,1211,312,410,396,272,187,1437,761,1057,289,355,302,202,233,226,2657,350,327,244,249,416,2855,771,215,248,218,346,398,2337,2863,207,369,171,845,2028,7051,250,559,422,1033
GOP,11,8,2,6,7,6,7,25,7,51,5,3,19,12,7,673,5,6,3,6,0,3,16,8,12,21,8,20,2,2,2,3,11,461,98,15,22,0,9,3,18,6,7,17,27,9,43,6,39,34,63,10,3,5,1,4,4,2,8,15,31,9,1,3,10,4,32,19,31,2,20,7,9,20,16,96,10,8,3,3,3,37,25,25,14,5,8,17,61,121,7,25,13,34,93,193,6,2,5,43
plan,3,0,0,0,0,10,0,8,18,24,5,0,7,0,0,13,1,0,0,1,1,0,8,2,7,0,5,3,1,0,1,4,0,171,121,0,1,0,2,0,17,2,3,0,1,2,28,5,14,0,15,18,30,1,0,2,6,3,5,0,53,3,11,8,2,9,21,17,12,6,15,4,0,10,4,79,7,20,16,5,9,71,30,1,3,10,37,8,39,55,11,14,617,6,48,297,9,1,18,29
the,200,197,31,29,12,181,29,114,18,57,20,36,93,44,84,93,9,76,17,81,12,26,144,576,58,90,33,530,30,72,69,186,87,2028,555,10,42,22,36,48,350,27,75,76,11,329,62,34,768,43,239,44,697,227,15,338,161,406,180,77,1003,364,23,85,43,120,1443,282,400,284,183,30,28,42,36,1673,251,30,193,58,112,1899,1167,41,17,97,265,216,2529,1356,134,125,48,225,11739,2502,153,34,347,415
