word1_word2,A,Apple,Azure,CEO,Corp,Google,In,Lumia,MSFT,Microsoft,Microsofts,Nadella,Office,One,Pro,Satya,Surface,The,This,Windows,Xbox,a,about,after,all,an,and,announced,app,apps,are,as,at,be,been,business,but,by,can,cloud,companies,company,companys,data,devices,first,for,from,has,have,in,into,is,it,its,just,last,latest,like,more,new,not,now,of,on,one,or,out,over,released,said,services,software,some,support,tech,technology,than,that,the,their,this,time,to,today,up,update,users,version,was,week,when,which,who,will,with,would,year,years,you,your
One,28,13,4,6,17,6,60,5,10,642,161,6,15,1356,6,8,18,231,37,126,682,654,98,88,50,142,569,116,24,22,98,182,231,219,104,11,79,128,63,6,6,83,13,6,26,54,408,137,273,115,481,45,518,183,262,64,63,30,30,95,228,78,71,783,425,55,55,73,59,44,62,8,18,44,45,9,4,55,374,1070,81,139,46,751,58,53,45,39,57,152,52,52,114,48,206,252,54,74,58,67,22
CEO,19,35,20,791,29,11,53,5,14,506,95,395,18,6,7,419,15,115,16,43,4,337,61,30,18,69,345,46,11,16,50,139,152,73,46,30,46,73,12,58,17,109,90,15,8,41,168,62,149,44,306,18,219,88,129,24,25,9,21,33,75,38,21,402,208,59,13,25,40,9,99,26,26,10,6,33,30,25,159,588,26,55,20,377,33,25,0,11,7,82,23,28,39,28,125,124,16,40,48,17,3
for,846,151,233,168,228,192,855,144,106,5394,1059,134,473,408,181,133,312,4793,424,1303,396,11271,1054,962,678,2514,9424,1003,431,278,1823,3043,2654,2274,1335,485,1385,2244,577,324,359,805,208,519,255,1218,21709,2002,4294,1647,8606,661,5776,2484,3452,567,858,474,453,1468,2027,1145,782,10253,5846,822,669,952,834,498,2198,323,412,705,695,227,299,944,4872,16767,1259,1657,995,11157,698,1040,354,523,299,1733,742,561,1165,928,2501,3255,863,1508,1045,572,251
MSFT,10,33,8,14,66,15,31,2,617,584,41,9,8,10,9,9,14,67,23,46,21,261,17,39,12,45,222,55,7,1,47,64,72,42,29,20,23,47,8,41,19,39,21,10,7,10,106,61,115,36,170,15,129,71,152,12,21,12,15,20,32,24,16,253,154,13,12,12,18,15,22,8,39,9,12,24,12,19,106,353,28,44,7,291,14,28,7,10,6,54,43,5,27,9,44,94,14,27,16,5,6
business,86,24,38,30,63,27,66,17,20,584,171,28,42,11,9,28,26,489,18,68,9,911,117,65,43,181,910,88,29,40,197,357,246,152,79,1800,121,244,58,130,63,111,38,91,22,92,485,240,308,119,807,112,549,217,465,44,86,47,41,141,216,71,58,920,449,69,48,59,70,33,183,67,77,53,35,27,42,100,421,1362,102,118,34,1046,47,103,7,50,14,121,51,33,106,57,241,330,66,129,75,36,20
support,41,32,34,6,25,41,59,9,12,533,100,6,23,45,3,5,9,296,42,194,51,621,36,43,54,184,713,117,42,20,97,197,137,160,70,35,77,164,49,23,26,65,19,22,20,47,695,151,325,111,615,46,381,207,356,38,51,45,28,117,161,87,61,712,406,52,71,63,47,19,158,34,28,57,1436,27,21,63,377,1056,102,99,36,937,66,81,42,72,62,89,58,38,91,86,299,255,89,63,39,37,29
services,26,11,118,26,62,25,56,1,8,517,96,29,84,8,4,31,3,305,22,30,18,547,43,38,43,121,721,106,28,32,109,230,145,100,55,67,43,166,44,225,52,83,24,91,17,63,323,147,218,92,499,52,290,154,308,26,52,21,37,109,156,39,48,599,290,61,49,29,48,17,110,1080,63,39,34,23,37,71,246,777,79,58,16,660,65,68,7,48,17,72,21,24,77,15,168,195,31,84,42,33,24
Nadella,14,10,13,395,57,4,51,5,9,513,85,585,17,6,3,549,4,57,13,41,5,270,38,28,14,54,243,42,4,19,38,119,112,69,32,28,25,53,15,68,17,80,79,18,9,44,134,48,136,29,267,10,172,67,109,29,26,10,28,30,44,33,21,300,163,31,9,19,37,5,93,29,39,5,6,33,42,16,135,424,26,52,11,305,20,22,0,9,4,55,25,14,23,19,109,92,27,33,36,20,4
years,121,29,9,48,40,37,209,6,16,511,83,36,43,58,11,41,30,830,78,83,42,1700,193,402,95,376,1501,86,19,17,235,564,586,320,441,75,248,480,90,43,34,99,36,93,28,366,1045,401,929,411,1951,183,846,377,604,124,339,47,68,365,238,179,128,1920,783,165,93,111,477,45,351,42,34,108,39,25,28,365,822,2826,171,373,132,1761,56,151,11,24,22,367,82,119,149,131,422,486,145,258,3441,51,17
Satya,14,10,14,419,60,4,50,5,9,534,82,549,17,8,3,604,5,59,16,48,4,276,38,30,13,53,243,42,5,20,38,118,116,66,38,28,28,56,15,73,14,88,79,19,10,45,133,56,142,28,272,11,184,74,119,30,28,10,24,34,48,32,21,309,167,39,11,19,40,5,95,31,43,6,5,32,35,19,135,446,27,48,10,311,21,22,0,11,4,60,27,17,26,19,111,98,24,37,41,17,4
this,224,49,39,55,48,45,521,41,44,1401,287,52,115,139,42,48,84,1386,120,338,130,3027,434,240,220,625,2552,251,75,68,587,910,1006,785,392,118,554,864,202,58,57,201,56,129,50,409,1657,660,989,528,2861,233,1938,718,877,187,252,95,172,449,525,428,176,3277,1650,309,204,287,241,141,776,58,91,194,99,60,62,368,1629,4804,261,6388,313,3474,112,277,114,92,73,509,1160,216,259,237,1098,1014,286,1505,373,270,93
in,1605,288,239,306,337,281,1489,217,170,5993,1251,267,615,481,176,272,359,8978,650,1078,343,19289,2109,2053,972,4299,15904,1202,259,155,3179,5468,5683,3455,1889,807,2280,4981,874,490,524,931,294,1120,237,2577,8606,4031,6434,2915,38475,1100,9420,3489,4958,834,1809,699,629,2459,2449,1888,995,19275,10039,1477,920,1389,1605,653,4647,499,384,1036,615,408,398,2210,8360,31028,1786,2861,1079,19601,811,1643,241,403,203,3523,1124,1059,2004,1471,4486,5892,1326,2947,1951,734,298
have,237,99,51,44,63,123,288,61,36,1475,329,29,98,115,55,28,98,1402,118,288,112,3388,485,264,259,720,3435,192,57,54,657,968,777,613,1267,119,657,760,207,102,194,168,45,161,75,273,1647,675,937,7013,2915,250,1408,765,709,172,300,114,168,495,505,572,285,3470,1736,288,324,290,356,102,798,92,86,312,111,58,61,351,2113,5375,598,528,213,3967,131,330,50,198,41,434,157,229,386,451,808,1043,442,393,411,332,82
your,26,9,8,3,2,18,46,4,6,462,144,4,29,22,18,4,28,179,46,151,28,464,59,19,81,112,401,27,78,29,104,106,96,115,41,20,92,70,133,19,6,37,16,27,28,40,251,119,171,82,298,43,322,180,143,66,15,42,57,76,138,58,63,396,313,37,131,62,44,23,38,24,20,39,29,11,10,47,264,543,33,93,39,577,33,75,37,44,44,44,19,33,44,29,108,218,18,27,17,361,911
are,244,75,51,50,57,97,252,65,47,1450,325,38,115,98,76,38,126,1554,136,345,107,3155,636,266,305,669,4028,170,64,90,7535,1061,867,705,336,197,608,801,225,110,241,173,63,175,98,256,1823,781,874,657,3179,270,1849,627,758,230,231,154,193,635,630,581,365,3756,1886,277,321,360,378,124,794,109,81,404,97,92,87,446,2246,5760,687,587,216,4162,160,417,59,175,42,235,193,246,452,473,605,1080,186,398,235,301,104
is,821,186,209,219,157,212,902,195,129,5198,1187,172,349,518,224,184,396,6321,749,1254,382,11132,1391,888,774,2426,9679,610,314,215,1849,3099,2714,2173,874,549,1811,2577,680,321,354,865,190,546,251,1059,5776,2372,3063,1408,9420,788,22844,3097,3618,642,747,525,552,1542,2011,1673,1156,11303,5652,1212,809,919,883,323,2455,290,412,682,381,262,288,1208,6526,17823,943,1938,731,13170,573,1091,222,464,272,1029,544,693,1469,987,2127,3606,525,1414,846,705,322
companies,40,68,29,17,53,97,49,0,19,503,65,17,24,6,0,14,6,346,17,23,3,657,80,39,48,138,730,80,8,17,241,249,106,122,74,63,69,236,54,59,1284,54,11,77,24,56,359,160,211,194,524,68,354,129,164,24,50,36,85,135,177,51,27,687,339,78,44,45,52,18,124,52,38,37,26,115,94,62,425,972,189,57,27,817,30,75,4,19,12,67,26,28,87,36,174,247,66,70,34,19,6
said,275,34,23,99,171,25,469,14,22,895,132,93,123,62,20,95,30,2100,95,151,64,4621,630,621,218,1167,4031,131,28,16,794,1323,1410,1167,358,183,712,1343,262,87,124,247,75,195,34,470,2198,1066,1512,798,4647,286,2455,1309,1211,156,424,153,162,641,412,815,167,4692,3584,330,231,271,382,107,9093,110,95,257,158,65,75,562,3146,7532,370,776,194,5300,215,441,47,72,34,1288,271,301,439,483,1526,1458,975,785,351,121,38
than,141,31,18,25,50,41,155,22,19,637,170,16,60,55,27,19,65,1239,79,160,49,2156,251,247,94,370,1653,88,21,22,446,630,726,432,251,100,397,666,94,35,62,104,28,164,54,334,944,486,764,351,2210,143,1208,569,621,117,273,79,83,2160,306,178,159,2040,1022,171,132,159,183,88,562,71,61,101,63,38,21,4111,967,3294,201,368,116,2141,91,176,33,62,33,450,119,118,247,138,453,555,165,588,365,93,47
This,26,17,23,16,8,31,80,17,23,528,91,13,42,37,21,16,39,236,1650,116,37,798,112,42,67,184,697,91,28,17,136,205,230,172,122,18,104,197,56,24,17,52,12,28,27,106,424,162,307,118,650,69,749,165,243,46,65,36,46,104,181,144,50,828,344,87,64,71,60,53,95,22,20,46,42,13,19,79,358,1266,90,120,112,848,52,75,34,55,33,158,194,51,102,74,211,277,39,116,78,101,46
In,57,45,40,53,27,30,3897,13,31,823,165,51,78,60,13,50,46,405,80,150,56,2155,278,118,110,638,1428,140,38,28,252,487,477,345,191,66,174,418,114,50,49,130,40,73,32,205,855,346,696,288,1489,134,902,459,594,87,216,111,89,221,276,213,99,2082,1013,183,126,155,134,99,469,56,31,144,59,66,35,155,1020,3154,176,521,86,1948,79,160,32,56,32,352,132,98,178,127,318,676,207,227,209,108,46
but,148,53,22,46,24,47,174,70,23,1114,332,25,78,79,71,28,121,1305,104,344,85,2636,380,166,238,559,1823,107,67,60,608,669,678,875,418,121,5110,541,247,56,69,191,42,174,83,355,1385,576,1093,657,2280,216,1811,1040,924,239,254,94,176,497,365,968,268,2441,1442,338,204,249,297,97,712,43,94,241,77,53,53,397,1387,4068,254,554,204,2836,116,292,58,102,32,628,143,181,193,212,635,762,209,471,248,215,92
released,80,12,20,9,6,17,99,31,15,682,78,5,67,44,37,5,57,460,53,250,45,877,64,75,48,194,619,37,74,28,124,189,153,155,84,33,97,312,40,13,18,99,16,125,40,129,498,164,420,102,653,37,323,182,320,98,120,95,29,100,287,69,50,833,510,59,33,55,45,1607,107,17,41,49,19,17,21,88,439,1270,73,141,36,801,162,33,120,52,84,177,93,23,135,52,136,207,45,152,45,56,23
Corp,13,25,25,29,718,23,27,4,66,652,34,57,21,17,2,60,6,121,8,45,37,386,38,65,21,72,331,122,4,3,57,133,90,60,27,63,24,126,7,82,53,110,59,43,15,25,228,102,179,63,337,65,157,167,274,13,19,34,14,70,83,41,12,378,274,32,18,23,35,6,171,62,91,15,25,25,49,50,215,494,82,48,10,448,32,45,5,24,20,68,41,14,72,15,129,171,49,30,40,4,2
would,178,27,7,16,49,24,207,13,14,521,87,27,41,54,11,24,27,696,39,128,57,1808,200,169,96,420,1379,205,19,23,186,487,406,989,152,66,209,452,58,26,66,134,31,62,29,162,863,367,458,442,1326,162,525,724,447,83,155,55,148,242,253,331,63,1592,1139,142,114,134,141,45,975,31,44,100,89,35,35,165,1549,2702,169,286,75,2002,49,145,16,47,23,362,115,123,252,165,287,522,3349,257,145,98,18
up,122,39,35,25,45,33,160,23,28,946,191,22,52,53,36,22,69,953,75,152,65,1850,201,199,116,464,1828,135,52,36,417,561,471,376,183,103,292,524,127,82,75,123,45,117,40,195,1040,446,757,330,1643,131,1091,470,679,128,230,89,67,289,329,202,123,1861,1206,144,140,138,182,33,441,68,63,128,81,63,75,176,898,2984,233,277,136,2491,74,3789,38,80,26,333,137,116,213,189,437,862,145,313,151,132,75
all,73,29,13,18,21,57,110,19,12,651,135,14,58,50,27,13,44,546,67,173,56,1058,191,97,2424,248,1272,107,33,48,305,311,316,277,170,43,238,261,111,32,48,78,19,50,52,111,678,280,475,259,972,90,774,383,402,103,98,63,82,141,197,195,123,1379,682,128,122,143,116,48,218,43,41,71,54,27,40,94,732,1864,170,220,118,1334,64,116,30,84,31,213,62,88,132,113,263,403,96,141,95,149,81
announced,57,17,183,46,122,19,140,46,55,1885,195,42,129,116,33,42,52,758,91,275,155,1480,75,160,107,368,1315,3016,70,56,170,347,338,393,122,88,107,265,94,159,80,322,63,96,62,181,1003,262,876,192,1202,128,610,719,901,123,165,79,36,180,561,71,159,1550,951,97,69,79,86,37,131,106,132,79,117,40,86,88,1294,2183,215,251,82,1615,491,135,52,124,78,300,178,94,215,77,676,574,205,209,86,57,27
users,38,31,18,11,24,47,56,16,10,1086,236,9,118,39,41,11,44,289,55,498,38,663,83,67,84,171,641,124,146,71,175,173,88,163,128,50,102,167,140,38,19,165,43,54,53,73,523,188,443,198,403,98,464,309,428,57,62,95,48,125,304,77,136,692,400,87,108,127,58,52,72,48,97,105,72,29,21,62,493,916,242,92,61,999,52,80,90,1313,64,88,44,84,143,104,254,325,47,72,24,77,44
data,50,22,77,15,43,25,73,1,10,609,146,18,67,6,4,19,10,580,28,56,2,1015,122,129,50,214,939,96,27,15,175,353,316,203,84,91,174,354,46,122,77,97,43,2074,39,220,519,439,336,161,1120,83,546,275,418,37,178,105,32,151,227,100,51,1077,663,53,68,88,124,125,195,91,41,74,22,50,32,164,613,1641,117,129,48,1220,73,117,7,54,8,156,87,63,122,37,266,396,62,232,93,26,27
just,66,25,11,24,13,22,87,26,12,630,131,29,46,64,29,30,52,497,46,166,49,1143,179,169,103,216,840,123,67,33,230,310,240,281,108,44,239,212,108,27,24,85,19,37,33,132,567,229,472,172,834,78,642,337,382,2070,89,65,97,171,252,266,98,1050,514,165,106,141,133,98,156,26,29,80,38,20,19,117,588,1556,110,187,93,1098,40,128,60,57,31,229,52,73,118,76,209,334,83,136,124,149,66
it,264,122,93,88,167,111,459,90,71,3050,562,67,148,183,76,74,181,2034,165,722,210,4354,626,448,383,972,3719,719,185,110,627,1478,996,1278,551,217,1040,982,434,181,129,509,113,275,123,440,2484,958,2110,765,3489,415,3097,8738,1925,337,443,174,338,704,762,785,351,4176,2393,455,444,452,358,182,1309,154,239,340,207,137,154,569,3096,6621,383,718,333,5396,346,470,132,309,156,1259,287,638,525,276,1375,1482,724,603,377,426,180
A,3542,15,10,19,13,31,57,16,10,495,78,14,31,28,9,14,24,422,26,117,20,1672,206,292,73,391,1393,57,32,14,244,430,478,316,251,86,148,575,78,23,40,74,18,50,14,104,846,469,704,237,1605,141,821,264,356,66,101,18,45,202,435,146,70,1887,964,103,71,130,154,80,275,26,32,108,41,15,34,141,816,2642,126,224,78,1695,37,122,26,38,26,389,84,85,149,188,312,496,178,189,121,37,26
a,1672,323,297,337,386,304,2155,259,261,8665,1689,270,662,654,302,276,584,9238,798,1738,612,42260,2440,2395,1058,4010,17314,1480,563,271,3155,6410,6474,3992,2183,911,2636,5269,1217,516,657,1371,350,1015,344,2110,11271,4725,7916,3388,19289,1674,11132,4354,5297,1143,1806,697,882,2619,4241,2184,1132,22211,12070,1583,1293,1690,1845,877,4621,547,601,1057,621,410,496,2156,10472,31239,1758,3027,1252,23153,1031,1850,402,663,437,3801,1450,1258,2175,1820,4721,7373,1808,2999,1700,1121,464
as,430,106,86,139,133,103,487,50,64,2090,437,119,167,182,71,118,117,2640,205,457,166,6410,710,515,311,1431,5295,347,107,72,1061,12030,1479,1226,692,357,669,1479,335,190,249,332,137,353,105,796,3043,1266,2135,968,5468,460,3099,1478,1897,310,660,202,223,820,850,690,334,6225,3264,505,342,513,532,189,1323,230,172,348,197,143,152,630,2480,9589,616,910,320,6614,227,561,99,173,88,1127,364,231,562,444,1380,1786,487,1029,564,239,106
has,704,135,178,149,179,154,696,143,115,4752,742,136,282,273,154,142,288,3857,307,1116,307,7916,837,604,475,1753,6180,876,363,167,874,2135,1572,1286,2907,308,1093,1776,437,254,211,760,184,336,194,651,4294,1464,15604,937,6434,656,3063,2110,3077,472,645,305,290,1070,1478,900,683,7787,3608,647,432,666,853,420,1512,218,317,554,325,170,276,764,4460,11989,596,989,526,8448,303,757,231,443,218,743,309,358,1085,708,1310,2445,458,934,929,382,171
year,189,32,24,40,30,35,227,22,27,835,195,33,81,74,29,37,78,1555,116,205,70,2999,304,335,141,550,2228,209,41,38,398,1029,845,574,342,129,471,1039,87,66,70,152,36,232,37,601,1508,780,934,393,2947,217,1414,603,957,136,1142,74,93,461,441,201,153,3001,1325,226,152,189,354,152,785,84,66,150,63,47,34,588,1165,4492,193,1505,178,3009,90,313,33,72,31,528,107,174,279,150,791,854,257,5346,258,65,27
Pro,9,64,0,7,2,2,13,7,9,421,143,3,15,6,577,3,495,159,21,54,5,302,34,13,27,51,328,33,21,12,76,71,56,72,49,9,71,55,44,1,0,38,6,4,64,32,181,45,154,55,176,17,224,76,183,29,34,36,33,44,101,33,55,293,132,30,39,42,21,37,20,4,10,40,3,13,6,27,156,451,29,42,24,260,44,36,17,41,19,43,13,17,36,19,52,142,11,29,11,46,18
Lumia,16,10,0,5,4,3,13,539,2,431,124,5,5,5,7,5,27,154,17,178,2,259,30,24,19,34,279,46,6,5,65,50,68,99,68,17,70,48,35,0,0,37,18,1,59,37,144,55,143,61,217,12,195,90,147,26,29,38,20,32,119,34,60,197,139,27,28,40,14,31,14,1,7,22,9,8,5,22,131,459,8,41,18,247,18,23,16,16,7,45,20,17,34,11,67,112,13,22,6,40,4
or,71,38,18,13,18,45,126,28,12,704,155,9,52,55,39,11,60,557,64,204,49,1293,195,69,122,296,949,69,54,42,321,342,296,353,185,48,204,319,156,27,44,108,24,68,51,83,669,275,432,324,920,107,809,444,366,106,96,41,112,218,230,353,117,1222,654,138,2443,150,159,33,231,49,62,84,71,23,26,132,685,1813,162,204,73,1442,52,140,45,108,35,211,60,101,130,170,326,428,114,152,93,259,131
Apple,15,684,0,35,25,134,45,10,33,535,79,10,11,13,64,10,70,131,17,39,12,323,32,29,29,76,424,17,24,18,75,106,72,77,34,24,53,85,30,7,68,50,20,22,33,29,151,74,135,99,288,35,186,122,160,25,36,16,42,46,70,31,41,294,166,45,38,41,51,12,34,11,17,20,32,64,26,31,151,484,52,49,20,333,17,39,5,31,8,51,21,27,60,19,59,162,27,32,29,26,9
Microsofts,78,79,166,95,34,85,165,124,41,960,3676,85,137,161,143,82,298,674,91,725,232,1689,217,109,135,367,1586,195,195,129,325,437,470,444,255,171,332,300,243,209,65,382,163,146,134,218,1059,351,742,329,1251,175,1187,562,763,131,163,225,132,258,604,179,255,1890,944,236,155,231,131,78,132,96,181,175,100,98,127,170,906,2448,190,287,110,2024,137,191,107,236,133,314,118,109,257,102,433,699,87,195,83,259,144
last,101,36,14,25,19,25,216,29,21,695,163,26,54,63,34,28,61,944,65,187,60,1806,212,195,98,405,1428,165,37,26,231,660,612,313,239,86,254,600,49,36,50,126,34,178,31,207,858,437,645,300,1809,150,747,443,559,89,3630,62,55,247,269,157,106,1992,960,159,96,139,258,120,424,52,38,121,51,40,19,273,902,2999,132,252,158,1883,54,230,28,62,22,475,591,130,179,123,301,604,155,1142,339,72,15
that,816,151,186,159,215,173,1020,131,106,4738,906,135,335,374,156,135,308,4401,358,1062,375,10472,1153,844,732,2432,8306,1294,316,196,2246,2480,2300,2628,1179,421,1387,2315,881,289,425,726,187,613,210,853,4872,2266,4460,2113,8360,824,6526,3096,2925,588,902,384,483,1372,1764,1578,735,9726,5745,906,685,935,769,439,3146,246,332,711,377,208,277,967,20678,16050,1102,1629,596,10933,615,898,230,493,194,2184,689,679,817,708,3107,3057,1549,1165,822,684,264
out,130,41,14,25,23,38,155,40,12,900,231,19,72,73,42,19,75,636,71,283,66,1690,193,173,143,384,1389,79,92,49,360,513,412,424,199,59,249,388,124,29,45,131,26,88,69,174,952,314,666,290,1389,116,919,452,524,141,139,94,82,219,397,206,142,1845,997,190,150,3228,124,55,271,29,62,132,63,30,40,159,935,2492,207,287,136,1999,94,138,102,127,65,291,134,145,191,206,396,560,134,189,111,167,62
Google,31,134,9,11,23,746,30,3,15,604,85,4,31,6,2,4,8,139,31,37,2,304,26,28,57,80,563,19,44,42,97,103,76,74,43,27,47,101,22,50,97,53,7,25,13,21,192,99,154,123,281,23,212,111,171,22,25,21,45,57,73,38,43,314,183,34,45,38,27,17,25,25,24,21,41,63,30,41,173,488,88,45,20,393,27,33,10,47,10,36,21,26,49,10,73,146,24,35,37,28,18
to,1695,333,399,377,448,393,1948,247,291,9540,2024,305,771,751,260,311,508,10387,848,2133,660,23153,2776,2159,1334,5248,19987,1615,606,394,4162,6614,5533,5453,2126,1046,2836,5588,1254,676,817,1354,405,1220,431,2454,11157,5335,8448,3967,19601,1652,13170,5396,6803,1098,1883,947,924,3171,3868,2638,1284,22766,13250,1746,1442,1999,1934,801,5300,660,715,1375,937,490,610,2141,10933,36959,2692,3474,1269,48065,1014,2491,473,999,412,3691,1433,1428,2321,1993,5795,7613,2002,3009,1761,1260,577
now,70,41,60,21,12,43,99,60,16,1005,255,21,107,71,55,21,87,626,50,276,77,1132,155,78,123,228,1154,159,104,45,365,334,277,278,242,58,268,246,252,59,27,152,22,51,67,101,782,280,683,285,995,109,1156,351,523,98,106,82,78,195,282,138,2463,1173,633,129,117,142,105,50,167,48,65,110,61,33,25,159,735,1859,168,176,100,1284,111,123,65,136,50,193,60,61,146,116,267,435,63,153,128,156,63
you,37,26,14,17,4,28,108,40,5,921,259,20,87,67,46,17,67,330,101,269,72,1121,232,40,149,258,892,57,123,55,301,239,249,283,127,36,215,156,302,21,19,97,24,26,51,110,572,230,382,332,734,87,705,426,305,149,72,74,162,142,262,167,156,977,554,139,259,167,83,56,121,33,39,109,37,28,23,93,684,1502,86,270,76,1260,80,132,56,77,64,147,46,136,119,117,245,377,98,65,51,2140,361
technology,34,26,24,30,49,30,35,5,12,615,127,42,13,4,6,35,10,199,19,45,8,496,51,21,40,113,548,86,29,14,87,152,142,110,60,42,53,133,46,47,94,108,37,32,21,65,299,83,276,61,398,70,288,154,232,19,19,33,37,60,139,35,25,497,253,61,26,40,40,21,75,37,43,36,21,41,1006,21,277,741,77,62,31,610,44,75,7,21,6,67,22,33,69,29,169,256,35,34,28,23,10
company,74,50,56,109,110,53,130,37,39,1642,382,80,71,83,38,88,75,684,52,388,120,1371,137,129,78,289,1011,322,83,60,173,332,268,266,170,111,191,260,101,106,54,2263,71,97,65,142,805,261,760,168,931,116,865,509,841,85,126,82,88,187,334,125,152,1146,700,108,108,131,115,99,247,83,215,106,65,104,108,104,726,1949,121,201,68,1354,162,123,49,165,56,223,92,104,192,71,342,481,134,152,99,97,37
was,389,51,24,82,68,36,352,45,54,1275,314,55,91,152,43,60,89,1807,158,283,98,3801,487,668,213,867,2848,300,49,27,235,1127,1157,539,290,121,628,1402,108,71,67,223,86,156,42,543,1733,876,743,434,3523,276,1029,1259,802,229,475,106,116,408,348,523,193,3615,2083,472,211,291,287,177,1288,72,80,168,89,63,67,450,2184,5683,240,509,260,3691,143,333,53,88,60,7187,264,480,532,431,304,1153,362,528,367,147,44
week,84,21,19,23,41,21,132,20,43,750,118,25,38,52,13,27,31,541,194,168,67,1450,197,198,62,302,1034,178,22,20,193,364,373,263,110,51,143,298,48,34,26,92,31,87,15,171,742,266,309,157,1124,110,544,287,422,52,591,46,40,162,225,149,60,1276,753,105,60,134,126,93,271,21,61,80,58,29,22,119,689,2045,130,1160,80,1433,18,137,42,44,20,264,2678,115,98,120,515,476,115,107,82,46,19
version,26,8,18,7,20,10,32,7,6,540,133,4,31,57,19,4,27,202,33,250,64,437,22,28,31,121,300,78,52,8,42,88,67,95,42,14,32,54,40,20,12,56,19,8,32,53,299,73,218,41,203,33,272,156,307,31,22,101,19,54,181,29,50,639,229,27,35,65,19,84,34,17,44,18,62,9,6,33,194,578,43,73,21,412,56,26,57,64,726,60,20,19,59,21,138,130,23,31,22,64,44
at,478,72,59,152,90,76,477,68,72,1946,470,112,188,231,56,116,105,2635,230,328,186,6474,724,647,316,1431,4819,338,83,48,867,1479,11996,1052,504,246,678,1365,271,86,106,268,125,316,74,791,2654,1175,1572,777,5683,322,2714,996,1452,240,612,189,176,670,768,577,277,6028,3409,471,296,412,468,153,1410,145,101,301,137,81,142,726,2300,9722,581,1006,478,5533,257,471,57,88,67,1157,373,406,497,510,1395,1796,406,845,586,249,96
been,251,34,26,46,27,43,191,68,29,1162,255,32,45,104,49,38,94,1048,122,312,94,2183,339,173,170,442,1896,122,65,45,336,692,504,314,4431,79,418,759,80,61,74,170,49,84,54,171,1335,408,2907,1267,1889,183,874,551,648,108,239,63,100,337,310,285,242,2227,1032,228,185,199,291,84,358,55,74,198,70,40,60,251,1179,3465,200,392,214,2126,79,183,41,128,42,290,110,107,352,196,284,722,152,342,441,127,41
The,422,131,112,115,121,139,405,154,67,3002,674,57,259,231,159,59,277,19644,236,652,260,9238,941,876,546,1958,8358,758,250,119,1554,2640,2635,1847,1048,489,1305,2991,476,173,346,684,159,580,160,1306,4793,2439,3857,1402,8978,681,6321,2034,2813,497,944,571,313,1370,1654,1046,626,10534,5353,696,557,636,887,460,2100,305,290,478,296,196,199,1239,4401,15052,836,1386,489,10387,444,953,194,289,202,1807,541,480,1227,664,2492,2921,696,1555,830,330,179
over,154,51,9,40,35,27,134,14,18,638,131,37,38,59,21,40,45,887,60,134,70,1845,186,171,116,380,1592,86,24,26,378,532,468,332,291,70,297,481,90,57,52,115,28,124,30,177,834,390,853,356,1605,189,883,358,501,133,258,76,52,208,258,170,105,1833,925,122,159,124,3513,45,382,48,46,128,47,36,40,183,769,2990,188,241,98,1934,73,182,22,58,19,287,126,113,201,134,417,604,141,354,477,83,44
can,78,30,39,12,7,22,114,35,8,742,243,15,92,63,44,15,67,476,56,193,60,1217,169,72,111,280,1082,94,115,46,225,335,271,563,80,58,247,221,2302,39,54,101,21,46,31,108,577,293,437,207,874,123,680,434,351,108,49,63,98,175,281,133,252,1061,673,142,156,124,90,40,262,44,60,78,49,24,46,94,881,1682,186,202,81,1254,68,127,48,140,40,108,48,76,146,121,234,427,58,87,90,302,133
on,964,166,184,208,274,183,1013,139,154,4353,944,163,396,425,132,167,245,5353,344,1082,388,12070,1325,1301,682,2926,10319,951,301,196,1886,3264,3409,2284,1032,449,1442,2835,673,283,339,700,224,663,251,1364,5846,2452,3608,1736,10039,765,5652,2393,3417,514,960,486,356,1499,1740,1241,633,11924,24350,858,654,997,925,510,3584,290,373,665,406,210,253,1022,5745,19036,1297,1650,599,13250,413,1206,243,400,229,2083,753,635,1228,1015,3344,3991,1139,1325,783,554,313
cloud,23,7,297,58,82,50,50,0,41,890,209,68,89,6,1,73,4,173,24,44,6,516,52,35,32,89,605,159,14,26,110,190,86,115,61,130,56,129,39,1092,59,106,81,122,17,48,324,127,254,102,490,69,321,181,444,27,36,21,28,64,160,50,59,527,283,37,27,29,57,13,87,225,88,32,23,31,47,35,289,746,129,58,16,676,71,82,3,38,20,71,34,28,74,20,159,221,26,66,43,21,19
after,292,29,18,30,65,28,118,24,39,636,109,28,56,88,13,30,33,876,42,132,32,2395,257,4210,97,536,1512,160,24,13,266,515,647,355,173,65,166,554,72,35,39,129,32,129,26,317,962,477,604,264,2053,178,888,448,573,169,195,59,51,242,212,190,78,2018,1301,150,69,173,171,75,621,38,58,125,43,36,21,247,844,3293,248,240,80,2159,57,199,31,67,28,668,198,87,146,200,382,727,169,335,402,40,19
who,188,19,12,28,15,10,127,11,9,493,102,19,60,48,19,19,22,664,74,130,34,1820,179,200,113,392,1385,77,30,10,473,444,510,372,196,57,212,425,121,20,36,71,18,37,24,126,928,459,708,451,1471,114,987,276,273,76,123,51,81,213,201,250,116,1760,1015,159,170,206,134,52,483,15,40,102,86,11,29,138,708,2632,274,237,70,1993,50,189,25,104,21,431,120,81,104,3389,391,657,165,150,131,117,29
Microsoft,495,535,608,506,652,604,823,431,584,17508,960,513,781,642,421,534,800,3002,528,2840,913,8665,848,636,651,1852,7751,1885,739,468,1450,2090,1946,1878,1162,584,1114,1723,742,890,503,1642,524,609,505,748,5394,1807,4752,1475,5993,753,5198,3050,5149,630,695,542,531,1043,2675,729,1005,7987,4353,770,704,900,638,682,895,517,938,646,533,535,615,637,4738,11816,1261,1401,478,9540,1003,946,568,1086,540,1275,750,498,1173,493,2253,3705,521,835,511,921,462
by,575,85,64,73,126,101,418,48,47,1723,300,53,179,128,55,56,105,2991,197,265,117,5269,542,554,261,1193,4431,265,105,50,801,1479,1365,1079,759,244,541,10650,221,129,236,260,73,354,65,622,2244,1211,1776,760,4981,356,2577,982,1450,212,600,229,163,681,762,555,246,5323,2835,373,319,388,481,312,1343,166,149,241,164,105,133,666,2315,8455,455,864,218,5588,198,524,55,167,54,1402,298,220,701,425,1187,1426,452,1039,480,156,70
new,435,70,116,75,83,73,276,119,32,2675,604,44,220,228,101,48,175,1654,181,752,242,4241,359,212,197,606,2933,561,291,124,630,850,768,639,310,216,365,762,281,160,177,334,94,227,145,312,2027,729,1478,505,2449,294,2011,762,1276,252,269,165,144,491,6597,249,282,3233,1740,242,230,397,258,287,412,156,163,238,161,102,139,306,1764,4832,364,525,168,3868,303,329,220,304,181,348,225,153,430,201,993,1346,253,441,238,262,138
will,312,59,103,125,129,73,318,67,44,2253,433,109,189,206,52,111,117,2492,211,497,234,4721,451,382,263,1114,4539,676,119,85,605,1380,1395,2637,284,241,635,1187,234,159,174,342,93,266,94,741,2501,1115,1310,808,4486,389,2127,1375,1415,209,301,191,164,641,993,728,267,4799,3344,357,326,396,417,136,1526,168,167,227,299,93,169,453,3107,8004,564,1098,304,5795,308,437,129,254,138,304,515,344,682,391,10145,1763,287,791,422,245,108
Office,31,11,80,18,21,31,78,5,8,781,137,17,1393,15,15,17,11,259,42,116,12,662,80,56,58,154,636,129,50,73,115,167,188,115,45,42,78,179,92,89,24,71,24,67,14,51,473,241,282,98,615,79,349,148,315,46,54,40,47,95,220,57,107,694,396,38,52,72,38,67,123,84,48,58,23,8,13,60,335,1038,72,115,58,771,87,52,34,118,31,91,38,32,95,60,189,307,41,81,43,87,29
their,126,52,66,26,82,88,176,8,28,1261,190,26,72,81,29,27,43,836,90,212,70,1758,340,248,170,392,2317,215,89,77,687,616,581,413,200,102,254,455,186,129,189,121,46,117,63,249,1259,482,596,598,1786,192,943,383,419,110,132,107,100,299,364,210,168,2122,1297,165,162,207,188,73,370,79,88,160,102,78,77,201,1102,2927,4201,261,129,2692,118,233,52,242,43,240,130,195,234,274,564,790,169,193,171,86,33
software,32,17,28,26,91,24,31,7,39,938,181,39,48,18,10,43,25,290,20,200,25,601,45,58,41,129,545,132,42,34,81,172,101,114,74,77,94,149,60,88,38,215,47,41,55,53,412,126,317,86,384,82,412,239,447,29,38,49,52,97,163,67,65,575,373,49,62,62,46,41,95,63,1146,33,28,47,43,61,332,834,88,91,32,715,58,63,42,97,44,80,61,35,87,40,167,313,44,66,34,39,20
not,146,31,14,38,41,38,213,34,24,729,179,33,57,78,33,32,61,1046,144,216,62,2184,378,190,195,565,1831,71,36,34,581,690,577,762,285,71,968,555,133,50,51,125,31,100,48,212,1145,483,900,572,1888,169,1673,785,678,266,157,58,127,251,249,4704,138,2195,1241,244,353,206,170,69,815,39,67,168,87,37,35,178,1578,3686,210,428,150,2638,64,202,26,77,29,523,149,143,237,250,728,675,331,201,179,167,58
with,496,162,146,124,171,146,676,112,94,3705,699,92,307,252,142,98,248,2921,277,717,250,7373,768,727,403,1753,6249,574,207,152,1080,1786,1796,1269,722,330,762,1426,427,221,247,481,129,396,162,752,3255,1335,2445,1043,5892,528,3606,1482,2061,334,604,269,306,861,1346,675,435,6733,3991,526,428,560,604,207,1458,195,313,421,255,167,256,555,3057,10541,790,1014,356,7613,391,862,157,325,130,1153,476,356,642,657,1763,14134,522,854,486,377,218
from,469,74,69,62,102,99,346,55,61,1807,351,48,241,137,45,56,87,2439,162,407,94,4725,540,477,280,1055,3929,262,96,73,781,1266,1175,817,408,240,576,1211,293,127,160,261,84,439,81,500,2002,9214,1464,675,4031,316,2372,958,1341,229,437,220,188,601,729,483,280,4485,2452,374,275,314,390,164,1066,147,126,288,151,83,83,486,2266,7292,482,660,238,5335,195,446,77,188,73,876,266,271,482,459,1115,1335,367,780,401,230,119
tech,15,64,5,33,25,63,66,8,24,535,98,33,8,9,13,32,26,196,13,24,11,410,47,36,27,79,398,40,16,13,92,143,81,81,40,27,53,105,24,31,115,104,26,50,15,57,227,83,170,58,408,36,262,137,204,20,40,58,48,39,102,37,33,372,210,57,23,30,36,17,65,23,47,43,27,783,41,38,208,625,78,60,17,490,18,63,3,29,9,63,29,41,38,11,93,167,35,47,25,28,11
first,104,29,28,41,25,21,205,37,10,748,218,44,51,54,32,45,70,1306,106,206,54,2110,214,317,111,442,1803,181,38,33,256,796,791,460,171,92,355,622,108,48,56,142,36,220,47,4365,1218,500,651,273,2577,199,1059,440,739,132,207,69,85,281,312,212,101,2404,1364,220,83,174,177,129,470,63,53,106,47,57,65,334,853,3949,249,409,499,2454,106,195,68,73,53,543,171,208,215,126,741,752,162,601,366,110,40
app,32,24,3,11,4,44,38,6,7,739,195,4,50,24,21,5,7,250,28,258,28,563,27,24,33,191,443,70,962,82,64,107,83,112,65,29,67,105,115,14,8,83,24,27,47,38,431,96,363,57,259,60,314,185,333,67,37,54,46,57,291,36,104,380,301,42,54,92,24,74,28,28,42,34,42,16,29,21,316,674,89,75,30,606,63,52,109,146,52,49,22,17,78,30,119,207,19,41,19,123,78
its,356,160,277,129,274,171,594,147,152,5149,763,109,315,262,183,119,315,2813,243,1069,326,5297,636,573,402,1226,5015,901,333,204,758,1897,1452,1136,648,465,924,1450,351,444,164,841,190,418,211,739,3452,1341,3077,709,4958,525,3618,1925,11482,382,559,415,259,825,1276,678,523,5895,3417,485,366,524,501,320,1211,308,447,389,356,204,232,621,2925,8518,419,877,365,6803,468,679,240,428,307,802,422,363,705,273,1415,2061,447,957,604,305,143
which,149,60,60,39,72,49,178,34,27,1173,257,23,95,114,36,26,71,1227,102,265,96,2175,237,146,132,483,1638,215,78,54,452,562,497,552,352,106,193,701,146,74,87,192,80,122,62,215,1165,482,1085,386,2004,190,1469,525,705,118,179,90,89,274,430,237,146,2161,1228,206,130,191,201,135,439,77,87,136,91,38,69,247,817,3207,234,259,122,2321,121,213,64,143,59,532,98,100,4085,104,682,642,252,279,149,119,44
an,391,76,72,69,72,80,638,34,45,1852,367,54,154,142,51,53,107,1958,184,391,142,4010,530,536,248,9011,3677,368,191,67,669,1431,1431,882,442,181,559,1193,280,89,138,289,82,214,82,442,2514,1055,1753,720,4299,390,2426,972,1226,216,405,148,191,498,606,565,228,4843,2926,359,296,384,380,194,1167,121,129,208,184,79,113,370,2432,6647,392,625,229,5248,232,464,166,171,121,867,302,271,483,392,1114,1753,420,550,376,258,112
be,316,77,56,73,60,74,345,99,42,1878,444,69,115,219,72,66,156,1847,172,427,226,3992,488,355,277,882,3425,393,112,89,705,1226,1052,8020,314,152,875,1079,563,115,122,266,63,203,123,460,2274,817,1286,613,3455,341,2173,1278,1136,281,313,159,233,573,639,762,278,3902,2284,464,353,424,332,155,1167,100,114,250,160,81,110,432,2628,6307,413,785,252,5453,187,376,89,163,95,539,263,293,552,372,2637,1269,989,574,320,283,115
into,141,35,44,18,65,23,134,12,15,753,175,10,79,45,17,11,41,681,69,160,36,1674,165,178,90,390,1379,128,60,31,270,460,322,341,183,112,216,356,123,69,68,116,36,83,39,199,661,316,656,250,1100,3043,788,415,525,78,150,62,62,244,294,169,109,1541,765,175,107,116,189,37,286,52,82,94,46,36,70,143,824,2484,192,233,111,1652,87,131,25,98,33,276,110,102,190,114,389,528,162,217,183,87,43
time,78,20,10,20,10,20,86,18,7,478,110,11,58,46,24,10,52,489,112,122,45,1252,125,80,118,229,942,82,30,18,216,320,478,252,214,34,204,218,81,16,27,68,11,48,25,499,995,238,526,213,1079,111,731,333,365,93,158,43,44,165,168,150,100,1164,599,122,73,136,98,36,194,16,32,163,36,17,31,116,596,1877,129,313,2224,1269,48,136,25,61,21,260,80,185,122,70,304,356,75,178,132,76,39
latest,18,16,11,9,34,21,111,38,12,542,225,10,40,30,36,10,52,571,36,240,34,697,86,59,63,148,684,79,54,18,154,202,189,159,63,47,94,229,63,21,36,82,36,105,33,69,474,220,305,114,699,62,525,174,415,65,62,1608,23,99,165,58,82,874,486,52,41,94,76,95,153,21,49,64,45,58,33,79,384,1384,107,95,43,947,55,89,80,95,101,106,46,37,90,51,191,269,55,74,47,74,42
more,202,46,36,33,70,57,221,32,20,1043,258,30,95,95,44,34,78,1370,104,260,88,2619,435,242,141,498,2508,180,57,52,635,820,670,573,337,141,497,681,175,64,135,187,53,151,88,281,1468,601,1070,495,2459,244,1542,704,825,171,247,99,126,5268,491,251,195,2486,1499,243,218,219,208,100,641,109,97,159,117,39,60,2160,1372,4044,299,449,165,3171,136,289,63,125,54,408,162,158,274,213,641,861,242,461,365,142,76
update,26,5,3,0,5,10,32,16,7,568,107,0,34,45,17,0,26,194,34,346,42,402,35,31,30,166,323,52,109,20,59,99,57,89,41,7,58,55,48,3,4,49,12,7,42,68,354,77,231,50,241,25,222,132,240,60,28,80,22,63,220,26,65,325,243,33,45,102,22,120,47,7,42,51,42,3,7,33,230,564,52,114,25,473,69,38,752,90,57,53,42,30,64,25,129,157,16,33,11,56,37
companys,18,20,33,90,59,7,40,18,21,524,163,79,24,13,6,79,22,159,12,117,23,350,57,32,19,82,284,63,24,18,63,137,125,63,49,38,42,73,21,81,11,71,701,43,18,36,208,84,184,45,294,36,190,113,190,19,34,36,13,53,94,31,22,388,224,49,24,26,28,16,75,24,47,29,19,26,37,28,187,659,46,56,11,405,34,45,12,43,19,86,31,24,80,18,93,129,31,36,36,24,16
about,206,32,27,61,38,26,278,30,17,848,217,38,80,98,34,38,54,941,112,174,65,2440,5301,257,191,530,2332,75,27,29,636,710,724,488,339,117,380,542,169,52,80,137,57,122,26,214,1054,540,837,485,2109,165,1391,626,636,179,212,86,126,435,359,378,155,2595,1325,207,195,193,186,64,630,43,45,212,36,47,51,251,1153,4266,340,434,125,2776,86,201,35,83,22,487,197,169,237,179,451,768,200,304,193,232,59
Azure,10,0,726,20,25,9,40,0,8,608,166,13,80,4,0,14,2,112,23,35,7,297,27,18,13,72,375,183,3,12,51,86,59,56,26,38,22,64,39,297,29,56,33,77,11,28,233,69,178,51,239,44,209,93,277,11,14,11,10,36,116,14,60,359,184,19,18,14,9,20,23,118,28,18,34,5,24,18,186,418,66,39,10,399,84,35,3,18,18,24,19,16,60,12,103,146,7,24,9,14,8
some,108,20,18,10,15,21,144,22,9,646,175,5,58,44,40,6,65,478,46,165,63,1057,212,125,71,208,1066,79,34,27,404,348,301,250,198,53,241,241,78,32,37,106,29,74,36,106,705,288,554,312,1036,94,682,340,389,80,121,64,75,159,238,168,110,1399,665,86,84,132,128,49,257,39,33,2424,57,43,36,101,711,1848,160,194,163,1375,58,128,51,105,18,168,80,85,136,102,227,421,100,150,108,109,39
when,85,27,16,28,14,26,98,17,5,498,109,14,32,52,17,17,33,480,51,111,42,1258,169,87,88,271,907,94,17,19,246,231,406,293,107,33,181,220,76,28,28,104,24,63,21,208,561,271,358,229,1059,102,693,638,363,73,130,37,86,158,153,143,61,1175,635,129,101,145,113,23,301,24,35,85,38,41,33,118,679,1922,195,216,185,1428,60,116,30,84,19,480,115,2485,100,81,344,356,123,174,119,136,33
like,45,42,10,21,14,45,89,20,15,531,132,28,47,30,33,24,51,313,46,116,36,882,126,51,82,191,876,36,46,55,193,223,176,233,100,41,176,163,98,28,85,88,13,32,30,85,453,188,290,168,629,62,552,338,259,97,55,23,1716,126,144,127,78,770,356,109,112,82,52,29,162,37,52,75,28,48,37,83,483,1229,100,172,44,924,41,67,22,48,19,116,40,86,89,81,164,306,148,93,68,162,57
of,1887,294,359,402,378,314,2082,197,253,7987,1890,300,694,783,293,309,531,10534,828,1631,566,22211,2595,2018,1379,4843,18741,1550,380,325,3756,6225,6028,3902,2227,920,2441,5323,1061,527,687,1146,388,1077,357,2404,10253,4485,7787,3470,19275,1541,11303,4176,5895,1050,1992,874,770,2486,3233,2195,1173,44918,11924,2430,1222,1845,1833,833,4692,599,575,1399,712,372,497,2040,9726,37734,2122,3277,1164,22766,1029,1861,325,692,639,3615,1276,1175,2161,1760,4799,6733,1592,3001,1920,977,396
Xbox,20,12,7,4,37,2,56,2,21,913,232,5,12,682,5,4,23,260,37,138,1184,612,65,32,56,142,506,155,28,20,107,166,186,226,94,9,85,117,60,6,3,120,23,2,24,54,396,94,307,112,343,36,382,210,326,49,60,34,36,88,242,62,77,566,388,68,49,66,70,45,64,18,25,63,51,11,8,49,375,880,70,130,45,660,63,65,42,38,64,98,67,42,96,34,234,250,57,70,42,72,28
and,1393,424,375,345,331,563,1428,279,222,7751,1586,243,636,569,328,243,529,8358,697,1562,506,17314,2332,1512,1272,3677,37870,1315,443,376,4028,5295,4819,3425,1896,910,1823,4431,1082,605,730,1011,284,939,385,1803,9424,3929,6180,3435,15904,1379,9679,3719,5015,840,1428,684,876,2508,2933,1831,1154,18741,10319,1341,949,1389,1592,619,4031,721,545,1066,713,398,548,1653,8306,28676,2317,2552,942,19987,927,1828,323,641,300,2848,1034,907,1638,1385,4539,6249,1379,2228,1501,892,401
devices,14,33,11,8,15,13,32,59,7,505,134,9,14,26,64,10,114,160,27,271,24,344,26,26,52,82,385,62,47,48,98,105,74,123,54,22,83,65,31,17,24,65,18,39,666,47,255,81,194,75,237,39,251,123,211,33,31,33,30,88,145,48,67,357,251,32,51,69,30,40,34,17,55,36,20,15,21,54,210,488,63,50,25,431,47,40,42,53,32,42,15,21,62,24,94,162,29,37,28,51,28
one,103,45,19,59,32,34,183,27,13,770,236,31,38,55,30,39,62,696,87,179,68,1583,207,150,128,359,1341,97,42,44,277,505,471,464,228,69,338,373,142,37,78,108,49,53,32,220,822,374,647,288,1477,175,1212,455,485,165,159,52,109,243,242,244,129,2430,858,3380,138,190,122,59,330,61,49,86,52,57,61,171,906,2749,165,309,122,1746,91,144,33,87,27,472,105,129,206,159,357,526,142,226,165,139,37
today,37,17,84,33,32,27,79,18,14,1003,137,20,87,58,44,21,52,444,52,182,63,1031,86,57,64,232,927,491,63,42,160,227,257,187,79,47,116,198,68,71,30,162,34,73,47,106,698,195,303,131,811,87,573,346,468,40,54,55,41,136,303,64,111,1029,413,91,52,94,73,162,215,65,58,58,66,18,44,91,615,1595,118,112,48,1014,2080,74,69,52,56,143,18,60,121,50,308,391,49,90,56,80,33
apps,14,18,12,16,3,42,28,5,1,468,129,19,73,22,12,20,8,119,17,198,20,271,29,13,48,67,376,56,82,588,90,72,48,89,45,40,60,50,46,26,17,60,18,15,48,33,278,73,167,54,155,31,215,110,204,33,26,18,55,52,124,34,45,325,196,44,42,49,26,28,16,32,34,27,20,13,14,22,196,406,77,68,18,394,42,36,20,71,8,27,20,19,54,10,85,152,23,38,17,55,29
the,2642,484,418,588,494,488,3154,459,353,11816,2448,424,1038,1070,451,446,835,15052,1266,2536,880,31239,4266,3293,1864,6647,28676,2183,674,406,5760,9589,9722,6307,3465,1362,4068,8455,1682,746,972,1949,659,1641,488,3949,16767,7292,11989,5375,31028,2484,17823,6621,8518,1556,2999,1384,1229,4044,4832,3686,1859,37734,19036,2749,1813,2492,2990,1270,7532,777,834,1848,1056,625,741,3294,16050,70110,2927,4804,1877,36959,1595,2984,564,916,578,5683,2045,1922,3207,2632,8004,10541,2702,4492,2826,1502,543
Windows,117,39,35,43,45,37,150,178,46,2840,725,41,116,126,54,48,108,652,116,3507,138,1738,174,132,173,391,1562,275,258,198,345,457,328,427,312,68,344,265,193,44,23,388,117,56,271,206,1303,407,1116,288,1078,160,1254,722,1069,166,187,240,116,260,752,216,276,1631,1082,179,204,283,134,250,151,30,200,165,194,24,45,160,1062,2536,212,338,122,2133,182,152,346,498,250,283,168,111,265,130,497,717,128,205,83,269,151
Surface,24,70,2,15,6,8,46,27,14,800,298,4,11,18,495,5,1086,277,39,108,23,584,54,33,44,107,529,52,7,8,126,117,105,156,94,26,121,105,67,4,6,75,22,10,114,70,312,87,288,98,359,41,396,181,315,52,61,52,51,78,175,61,87,531,245,62,60,75,45,57,30,3,25,65,9,26,10,65,308,835,43,84,52,508,52,69,26,44,27,89,31,33,71,22,117,248,27,78,30,67,28
